language,filename,blank,comment,code,"github.com/AlDanial/cloc v 1.80  T=11.03 s (109.7 files/s, 114482.5 lines/s)"
HTML,./CosdocToNet/CosDocOcx/CosDocOcx_UpgradeReport.htm,5,0,68330
C#,./CosdocToNet/CosDocOcx/omsorg/WS_PRPlomsRutiner.cs,2132,1561,18542
C#,./CosdocToNet/CosDocOcx/omsorg_jour/WS_PJRutiner.cs,1982,2014,16386
C#,./CosdocToNet/CosDocOcx/omsorg/Hovedkort.cs,1881,787,16205
C#,./CosdocToNet/CosDocOcx/Hovedskjermbilder/ucKardex.cs,1449,1115,13980
C#,./CosdocToNet/CosDocOcx/Hovedskjermbilder/ucFaktura.cs,1422,1570,13764
C#,./CosdocToNet/CosDocOcx/Hovedskjermbilder/ucOkonomi.cs,1201,360,13251
C#,./CosdocToNet/CosDocOcx/omsorg_lonn/OLOmsLonn.cs,1455,1133,12970
C#,./CosdocToNet/CosDocOcx/Hovedskjermbilder/ucWebSak.cs,1293,625,11227
C#,./CosdocToNet/CosDocOcx/omsorg_fakt/WS_OFOmsFakt.cs,1571,1139,10460
C#,./CosdocToNet/CosDocOcx/Hovedskjermbilder/ucPArbplan.cs,1644,365,10077
C#,./CosdocToNet/CosDocOcx/omsorg_mld/Mle_EMelding.cs,1105,772,9949
C#,./CosdocToNet/CosDocOcx/ucVedtak.cs,1055,2041,9732
C#,./CosdocToNet/CosDocOcx/omsorg_websak/Gbr_DOKAMGID.cs,1414,205,9505
C#,./CosdocToNet/CosDocOcx/omsorg_jour/ucJourReg.cs,1017,490,9063
C#,./CosdocToNet/CosDocOcx/omsorg_fakt/WS_OFInnUt.cs,1994,51,8524
C#,./CosdocToNet/CosDocOcx/omsorg/WS_OROmsRapp.cs,868,1175,8004
C#,./CosdocToNet/CosDocOcx/felles/WS_TXTekst.cs,920,771,7855
C#,./CosdocToNet/CosDocOcx/Hovedskjermbilder/ucVedtak.cs,848,385,7447
C#,./CosdocToNet/CosDocOcx/omsorg_fakt/WS_OFLister.cs,820,1317,7345
C#,./CosdocToNet/CosDocOcx/omsorg_jour/WS_LMLegeMidler.cs,769,469,7290
C#,./CosdocToNet/CosDocOcx/Hovedskjermbilder/ucOkonomi.Designer.cs,141,1222,7043
C#,./CosdocToNet/CosDocOcx/Hovedskjermbilder/ucKardex.Designer.cs,4,1162,6767
C#,./CosdocToNet/CosDocOcx/omsorg_jour/WS_PJLister.cs,733,534,6472
C#,./CosdocToNet/CosDocOcx/omsorg/WS_OAArbPlan.cs,832,601,6449
C#,./CosdocToNet/CosDocOcx/omsorg_jour/Lfe_Forskrivning.cs,655,659,5907
C#,./CosdocToNet/CosDocOcx/felles/WS_BRBibliotek.cs,778,827,5576
C#,./CosdocToNet/CosDocOcx/omsorg_websak/Gbr_DOKAMGID.Designer.cs,266,910,5565
C#,./CosdocToNet/CosDocOcx/Hovedskjermbilder/ucPArbplan.Designer.cs,31,964,5407
C#,./CosdocToNet/CosDocOcx/omsorg_lonn/OLStandard.cs,299,0,5308
C#,./CosdocToNet/CosDocOcx/omsorg_fakt/OFLangtidLister.cs,665,505,5297
C#,./CosdocToNet/CosDocOcx/omsorg/Hovedkort.Designer.cs,147,830,5204
C#,./CosdocToNet/CosDocOcx/omsorg_mld/MLMelding.cs,561,245,5194
C#,./CosdocToNet/CosDocOcx/omsorg_arbplan/WS_OARapporter.cs,546,455,5085
C#,./CosdocToNet/CosDocOcx/omsorg/SGkl_Klient2.cs,934,296,4970
HTML,./CosdocToNet/Komponenter/AcosCSLib/ho/AcosCSLib_UpgradeReport.htm,5,0,4963
C#,./CosdocToNet/CosDocOcx/omsorg_websak/DOK_AMFlere2vs.cs,535,139,4703
C#,./CosdocToNet/CosDocOcx/omsorg_jour/ucIplosVurdering.cs,604,393,4687
C#,./CosdocToNet/CosDocOcx/omsorg/Pgx_Gerix.Designer.cs,4,787,4549
C#,./CosdocToNet/CosDocOcx/omsorg_fakt/WS_OFEtterBerekn.cs,541,277,4540
C#,./CosdocToNet/CosDocOcx/omsorg_fakt/WS_OFTekst.cs,524,725,4297
C#,./CosdocToNet/CosDocOcx/omsorg_mld/MLTypeDef.cs,271,519,4283
C#,./CosdocToNet/CosDocOcx/omsorg_arbplan/frmPvd_VaktDatTurnInt.cs,528,332,4198
C#,./CosdocToNet/CosDocOcx/Hovedskjermbilder/ucUtvalg.cs,470,353,4022
C#,./CosdocToNet/CosDocOcx/Hovedskjermbilder/ucWebSak.Designer.cs,179,644,3983
C#,./CosdocToNet/CosDocOcx/omsorg_pasregn/frmPA_Pasregn.cs,466,384,3885
MSBuild script,./CosdocToNet/CosDocOcx/CosDocOcx.csproj,0,7,3880
XAML,./CosdocToNet/Exe/Resources/Icons.xaml,1261,0,3877
XAML,./CosdocToNet/Exe/Resources/IconsNonShared.xaml,1261,0,3877
C#,./CosdocToNet/CosDocOcx/omsorg_arbplan/ucPad_AktDat.cs,627,159,3747
C#,./CosdocToNet/CosDocOcx/omsorg/WS_OCCombo.cs,523,171,3727
C#,./CosdocToNet/CosDocOcx/omsorg_arbplan/frmPsy_Sykdom.cs,414,160,3595
C#,./CosdocToNet/CosDocOcx/omsorg_res/frmRessursKalender.cs,282,309,3433
C#,./CosdocToNet/CosDocOcx/omsorg_arbplan/frmPaf_AktFast.cs,372,170,3337
C#,./CosdocToNet/CosDocOcx/omsorg_fakt/Fakt_Meny.cs,495,86,3322
C#,./CosdocToNet/CosDocOcx/omsorg_jour/frmTsk_EpjSamtKrav.cs,382,421,3307
C#,./CosdocToNet/CosDocOcx/omsorg_fakt/GLTilgang.cs,355,326,3303
C#,./CosdocToNet/CosDocOcx/omsorg/frmPrb_TH3.cs,372,418,3288
C#,./CosdocToNet/CosDocOcx/omsorg/frmPrint.Designer.cs,6,129,3234
C#,./CosdocToNet/CosDocOcx/Hovedskjermbilder/ucRessurs.cs,452,212,3229
C#,./CosdocToNet/CosDocOcx/omsorg_fakt/OFBrev.cs,406,185,3045
C#,./CosdocToNet/CosDocOcx/omsorg_fakt/RGro_Rolle.cs,396,329,3025
C#,./CosdocToNet/CosDocOcx/omsorg/frmPrb_THNy.cs,312,212,2923
C#,./CosdocToNet/CosDocOcx/omsorg_pasregn/PRPasientregnskap.cs,355,321,2912
C#,./CosdocToNet/CosDocOcx/omsorg_jour/Lfe_Forskrivning.Designer.cs,3,474,2863
C#,./CosdocToNet/CosDocOcx/omsorg_pasregn/frmPA_Anvis.cs,383,651,2859
C#,./CosdocToNet/CosDocOcx/omsorg_arbplan/frmPad_AktDat.cs,367,141,2830
C#,./CosdocToNet/CosDocOcx/omsorg_arbplan/frmPvd_VaktDat.cs,348,49,2789
C#,./CosdocToNet/CosDocOcx/omsorg_fakt/RPfv_FaktVare.cs,359,274,2786
C#,./CosdocToNet/CosDocOcx/omsorg_mld/RMxm_XmlMal.Designer.cs,127,394,2609
C#,./CosdocToNet/CosDocOcx/ucVedtak.Designer.cs,82,440,2600
C#,./CosdocToNet/CosDocOcx/omsorg_adm/RJjt_JourType.cs,344,221,2564
C#,./CosdocToNet/CosDocOcx/felles/Kodeverk/RKkv_Kodeverk.cs,358,421,2557
C#,./CosdocToNet/CosDocOcx/omsorg_mld/Mli_MeldingImporter.cs,274,325,2479
C#,./CosdocToNet/CosDocOcx/omsorg_mld/Mle_EMelding.Designer.cs,201,379,2465
C#,./CosdocToNet/CosDocOcx/felles/WS_WSFelles.cs,283,159,2463
C#,./CosdocToNet/CosDocOcx/omsorg_adm/frmKfr_FilterRegel.cs,294,244,2461
C#,./CosdocToNet/CosDocOcx/omsorg_lonn/OLLister.cs,324,362,2446
C#,./CosdocToNet/CosDocOcx/omsorg_adm/RPvk_VaktKode.cs,367,105,2438
C#,./CosdocToNet/CosDocOcx/omsorg/WS_ARAppRutiner.cs,291,167,2438
C#,./CosdocToNet/CosDocOcx/omsorg_adm/RGsy_System.cs,300,194,2384
C#,./CosdocToNet/CosDocOcx/omsorg_adm/RPpk_ProeveKode.cs,274,192,2348
C#,./CosdocToNet/CosDocOcx/omsorg_fakt/Pfc_FaktCDokument.cs,272,308,2318
C#,./CosdocToNet/CosDocOcx/omsorg_arbplan/frmPvf_VaktFast.cs,296,107,2306
C#,./CosdocToNet/CosDocOcx/omsorg/frmPtj_VelgTjeneste.cs,147,95,2297
C#,./CosdocToNet/CosDocOcx/omsorg/ucVelgTjeneste.cs,452,89,2294
C#,./CosdocToNet/CosDocOcx/Hovedskjermbilder/ucVedtak.Designer.cs,6,401,2278
C#,./CosdocToNet/CosDocOcx/Hovedskjermbilder/ucFaktura.Designer.cs,66,361,2262
C#,./CosdocToNet/CosDocOcx/omsorg_mld/RMxm_XmlMal.cs,306,259,2260
C#,./CosdocToNet/CosDocOcx/felles/DIV_EnkelSak.cs,324,86,2230
C#,./CosdocToNet/CosDocOcx/omsorg_fakt/RPft_FaktTak.cs,253,236,2226
C#,./CosdocToNet/CosDocOcx/felles/ELArkiv.cs,251,283,2219
C#,./CosdocToNet/CosDocOcx/omsorg_adm/Ptt_TjenesteType.cs,303,186,2194
C#,./CosdocToNet/CosDocOcx/websak_adm/RGtm_TekstMal.cs,311,190,2190
HTML,./CosdocToNet/Komponenter/AcosCSCtrls/Ho/AcosCSCtrls_UpgradeReport.htm,5,0,2186
C#,./CosdocToNet/CosDocOcx/omsorg_jour/ucJourReg.Designer.cs,47,340,2173
C#,./CosdocToNet/CosDocOcx/omsorg/frmPst_Enkel.cs,280,89,2162
C#,./CosdocToNet/CosDocOcx/omsorg/frmPrb_Rutine.cs,334,178,2153
C#,./CosdocToNet/CosDocOcx/omsorg/frmPhm_HusstMaster.cs,330,161,2096
C#,./CosdocToNet/CosDocOcx/omsorg_fakt/frmPfl_FaktLinje.cs,269,279,2080
C#,./CosdocToNet/CosDocOcx/omsorg_arbplan/frmPaf_Fordel.cs,287,152,2056
C#,./CosdocToNet/CosDocOcx/omsorg_pasregn/frmPA_Pasregn.Designer.cs,26,361,2055
C#,./CosdocToNet/CosDocOcx/omsorg_jour/frmLgl_GittLegeMiddel.cs,300,85,2033
C#,./CosdocToNet/CosDocOcx/omsorg_websak/RGgr_Gruppe3.cs,243,185,2019
C#,./CosdocToNet/CosDocOcx/omsorg_jour/frmRJrt_RegType.cs,249,268,2013
C#,./CosdocToNet/CosDocOcx/omsorg_jour/Pip_IPLOS.cs,226,284,2011
C#,./CosdocToNet/CosDocOcx/omsorg_jour/frmRJaa_AnsvarAdm.cs,261,216,2007
C#,./CosdocToNet/CosDocOcx/omsorg_adm/RPpg_ProeveGruppe.cs,246,156,1989
C#,./CosdocToNet/CosDocOcx/omsorg/Pgx_Gerix.cs,195,139,1979
C#,./CosdocToNet/CosDocOcx/omsorg_adm/RPpm_ProveveMapping.cs,244,149,1968
C#,./CosdocToNet/CosDocOcx/omsorg_adm/RPre_Ressurs.cs,270,163,1952
C#,./CosdocToNet/CosDocOcx/omsorg_jour/RKla_LegAdmVei.cs,249,235,1921
C#,./CosdocToNet/CosDocOcx/omsorg_fakt/RPfv_FaktVare.Designer.cs,109,301,1907
C#,./CosdocToNet/CosDocOcx/omsorg/frmPrb_TH3.Designer.cs,43,340,1904
C#,./CosdocToNet/CosDocOcx/omsorg/frmPrb_THNy.Designer.cs,41,331,1848
C#,./CosdocToNet/CosDocOcx/omsorg_arbplan/frmPal_ALogg.cs,318,137,1846
C#,./CosdocToNet/CosDocOcx/omsorg_fakt/RPfk_FaktKonstanter.cs,242,111,1814
C#,./CosdocToNet/CosDocOcx/omsorg_arbplan/Ptl_TurnusLogg.cs,211,168,1793
C#,./CosdocToNet/CosDocOcx/omsorg/frmRPrg_ResGruppe.cs,200,260,1781
C#,./CosdocToNet/CosDocOcx/felles/VSFlexGridRutiner.cs,197,242,1760
C#,./CosdocToNet/CosDocOcx/omsorg_mld/Mel_EmeldingLogg.cs,245,223,1729
C#,./CosdocToNet/CosDocOcx/omsorg_jour/frmREst_EpjSaksType.cs,244,219,1724
C#,./CosdocToNet/CosDocOcx/omsorg_adm/RPty_TiltaksType.cs,212,144,1715
C#,./CosdocToNet/CosDocOcx/omsorg_mld/Mla_MldAnsv.cs,259,182,1712
C#,./CosdocToNet/CosDocOcx/omsorg_jour/frmRTtm_TiltMal.cs,222,244,1693
C#,./CosdocToNet/CosDocOcx/omsorg/frmPrb_ResBruk.cs,187,210,1687
C#,./CosdocToNet/CosDocOcx/omsorg_fakt/Pfs_FaktSum.cs,236,254,1677
C#,./CosdocToNet/CosDocOcx/omsorg_adm/RJjt_JourType.Designer.cs,44,290,1676
C#,./CosdocToNet/CosDocOcx/omsorg_adm/RPrt_ResType.cs,196,144,1672
C#,./CosdocToNet/CosDocOcx/omsorg_adm/RPaa_AktArt.cs,253,149,1669
C#,./CosdocToNet/CosDocOcx/omsorg_adm/RPwh_WhyKode.cs,255,113,1668
C#,./CosdocToNet/CosDocOcx/omsorg_lonn/Pls_StingKall.cs,256,224,1662
C#,./CosdocToNet/CosDocOcx/omsorg_jour/RJrs_RegTypeSub.cs,236,210,1613
C#,./CosdocToNet/CosDocOcx/omsorg_arbplan/frmPvd_VaktDat.Designer.cs,143,244,1613
C#,./CosdocToNet/CosDocOcx/omsorg_mld/MLWSTypeDef.cs,79,209,1605
C#,./CosdocToNet/CosDocOcx/felles/Kodeverk/frmEgendefKodeverk.cs,178,69,1605
C#,./CosdocToNet/CosDocOcx/omsorg_adm/Rpvg_VaktGruppe.cs,279,51,1604
C#,./CosdocToNet/CosDocOcx/websak_adm/RSut_Utvalg.cs,181,184,1603
C#,./CosdocToNet/CosDocOcx/omsorg_fakt/RPfa_Faktura.cs,249,160,1603
C#,./CosdocToNet/CosDocOcx/omsorg_fakt/frmPfl_FaktLinje.Designer.cs,51,289,1601
C#,./CosdocToNet/CosDocOcx/omsorg_fakt/OFTypeDef.cs,108,15,1600
C#,./CosdocToNet/CosDocOcx/omsorg_lonn/RPly_LonnSystem.cs,250,209,1585
C#,./CosDocAdresseRepository/Service References/CosDocAdressesServiceReference/Reference.cs,329,9,1584
C#,./CosdocToNet/CosDocOcx/omsorg_jour/frmLgle_GittLMEffekt.cs,236,123,1575
C#,./CosdocToNet/CosDocOcx/websak_adm/RGfi_Firma.cs,172,231,1574
C#,./CosdocToNet/CosDocOcx/websak_adm/RSfs_FasteSaker.cs,214,186,1573
C#,./CosdocToNet/CosDocOcx/omsorg_fakt/RGfu_Funksjon.cs,249,187,1567
C#,./CosdocToNet/CosDocOcx/websak_adm/RGpo_Post.cs,180,43,1544
C#,./CosdocToNet/CosDocOcx/omsorg_adm/RPrk_ResKonstanter.cs,184,127,1537
C#,./CosdocToNet/CosDocOcx/omsorg_mld/MLCosDoc.cs,183,152,1536
C#,./CosdocToNet/CosDocOcx/omsorg_adm/RPtg_Tiltaksgruppe.cs,175,40,1533
C#,./CosdocToNet/CosDocOcx/omsorg_adm/RPpt_ProeveType.cs,184,133,1531
C#,./CosdocToNet/CosDocOcx/omsorg_lonn/frmRPlh_LonnHelling.cs,194,166,1527
C#,./CosdocToNet/CosDocOcx/omsorg_fakt/RPfe_FaktTjeneste.cs,203,165,1526
C#,./CosdocToNet/CosDocOcx/omsorg_adm/RPiu_InnUt.cs,214,134,1525
C#,./CosdocToNet/CosDocOcx/omsorg_adm/RGdi_Distrikt.cs,190,151,1524
C#,./CosdocToNet/CosDocOcx/omsorg_jour/frmLgl_GittMange.cs,170,33,1523
C#,./CosdocToNet/CosDocOcx/omsorg_fakt/Rpot_OkoTekst.cs,194,166,1518
C#,./CosdocToNet/CosDocOcx/omsorg_adm/RPk3_PttGtmKobling.cs,185,141,1510
C#,./CosdocToNet/CosDocOcx/websak_adm/RSar_Arkiv.cs,175,184,1507
C#,./CosdocToNet/CosDocOcx/omsorg_adm/RGgk_Grunnkrets.cs,246,83,1504
C#,./CosdocToNet/CosDocOcx/omsorg_lonn/frmGbr_Gruppe.cs,191,39,1502
C#,./CosdocToNet/CosDocOcx/websak_adm/RSgr_Gradering.cs,203,166,1496
C#,./CosdocToNet/CosDocOcx/omsorg/SGkl_Klient2.Designer.cs,6,250,1483
C#,./CosdocToNet/CosDocOcx/omsorg_fakt/RPog_OkoGruppe.cs,220,159,1475
C#,./CosdocToNet/CosDocOcx/omsorg_pasregn/frmPA_Anvis.Designer.cs,42,277,1475
C#,./CosdocToNet/CosDocOcx/felles/ucDokumenter.cs,225,49,1468
C#,./CosdocToNet/CosDocOcx/websak_adm/RGtk_TekstKatalog.cs,161,178,1456
C#,./CosdocToNet/CosDocOcx/omsorg_arbplan/frmPsy_Sykdom.Designer.cs,65,241,1455
C#,./CosdocToNet/CosDocOcx/omsorg_adm/Spg_Paragraf.cs,207,125,1454
C#,./CosdocToNet/CosDocOcx/omsorg_jour/frmLgl_Forskrivning.cs,124,33,1453
C#,./CosdocToNet/CosDocOcx/omsorg/frmKrit_Gen.Designer.cs,74,196,1449
C#,./CosdocToNet/CosDocOcx/omsorg_fakt/RPfa_Faktura.Designer.cs,39,265,1448
C#,./CosdocToNet/CosDocOcx/omsorg_adm/Ptt_TjenesteType.Designer.cs,72,238,1435
C#,./CosdocToNet/CosDocOcx/websak_adm/RSka_Kategori.cs,161,170,1429
C#,./CosdocToNet/CosDocOcx/websak_adm/RSje_JournalEnhet.cs,161,170,1425
C#,./CosdocToNet/CosDocOcx/Hovedskjermbilder/ucRapport.cs,174,105,1420
C#,./CosdocToNet/CosDocOcx/websak_adm/RSda_DelArkiv.cs,161,168,1417
C#,./CosdocToNet/CosDocOcx/omsorg_jour/Pip_IPLOS.Designer.cs,8,244,1416
C#,./CosdocToNet/CosDocOcx/omsorg_lonn/RPlf_FastArtKontering.cs,196,167,1412
C#,./CosdocToNet/CosDocOcx/omsorg_adm/RPca_Avdeling.cs,193,136,1409
C#,./CosdocToNet/CosDocOcx/omsorg_mld/Mef_EmeldingFeil.cs,239,231,1408
C#,./CosdocToNet/CosDocOcx/omsorg_websak/DOK_AMFlere2vs.Designer.cs,19,262,1402
C#,./CosdocToNet/CosDocOcx/omsorg_res/frmRessursKalender.Designer.cs,47,229,1398
C#,./CosdocToNet/CosDocOcx/omsorg/frmJou_KritOrg.Designer.cs,66,217,1396
C#,./CosdocToNet/CosDocOcx/omsorg_fakt/OFBrev.Designer.cs,76,217,1396
C#,./CosdocToNet/CosDocOcx/omsorg_adm/RGab_ApplikasjonBruker.cs,224,151,1395
C#,./CosdocToNet/CosDocOcx/omsorg/frmPst_Soeknad.cs,156,209,1394
C#,./CosdocToNet/CosDocOcx/omsorg_fakt/Pon_Reskontro.cs,203,179,1389
HTML,./CosDocInstaller/CosDocInstaller/Express/SingleImage/Reports/5-20-2015 03-41-46.htm,975,0,1384
C#,./CosdocToNet/CosDocOcx/omsorg_adm/RPts_TilstType.cs,149,123,1383
C#,./CosdocToNet/CosDocOcx/omsorg_fakt/RPfk_FaktKonstanter.Designer.cs,11,247,1367
C#,./CosdocToNet/CosDocOcx/felles/delt/grid.cs,286,38,1362
C#,./CosdocToNet/CosDocOcx/omsorg/frmPst_Vedtak2.cs,136,196,1352
C#,./CosdocToNet/CosDocOcx/omsorg/frmPpa_Pause.cs,188,177,1346
C#,./CosdocToNet/CosDocOcx/omsorg_arbplan/frmPad_AktDat.Designer.cs,72,221,1345
C#,./CosdocToNet/CosDocOcx/Hovedskjermbilder/ucTjenestebruker.cs,234,26,1337
HTML,./CosdocToNet/Komponenter/AcosCSFrms/Ho/AcosCSFrm_UpgradeReport.htm,5,0,1332
C#,./CosdocToNet/CosDocOcx/omsorg_fakt/Pon_Forsorger.Designer.cs,4,253,1331
C#,./CosdocToNet/CosDocOcx/omsorg_lonn/RGfg_FagGruppe.cs,202,175,1327
C#,./CosdocToNet/CosDocOcx/omsorg_jour/frmRJrt_RegType.Designer.cs,23,217,1325
C#,./CosdocToNet/CosDocOcx/websak_adm/RSns_NrSerie.cs,221,41,1324
C#,./CosdocToNet/CosDocOcx/omsorg_adm/RGap_Applikasjon.cs,198,48,1315
C#,./CosdocToNet/CosDocOcx/omsorg_mld/CSCosDocService.cs,238,22,1315
C#,./CosdocToNet/CosDocOcx/omsorg_adm/RPpk_ProeveKode.Designer.cs,30,211,1309
C#,./CosdocToNet/CosDocOcx/omsorg_lonn/RPlg_LonnkonterinG.cs,207,161,1302
C#,./CosdocToNet/CosDocOcx/omsorg_fakt/GKInnUt.cs,286,16,1291
C#,./CosdocToNet/Felles/Lib/ho/current/Delt/grid.cs,277,28,1288
C#,./CosdocToNet/CosDocOcx/omsorg_jour/frmTsk_EpjSamtKrav.Designer.cs,15,202,1287
C#,./CosdocToNet/CosDocOcx/omsorg_lonn/RPla_LonnArt.cs,179,149,1283
C#,./CosdocToNet/CosDocOcx/omsorg_lonn/RGsk_stillingKode.cs,181,182,1278
C#,./CosdocToNet/CosDocOcx/ActionClassic.cs,167,90,1269
C#,./CosdocToNet/CosDocOcx/omsorg_fakt/RPfi_FaktInstitusjon.cs,167,142,1269
C#,./CosdocToNet/CosDocOcx/felles/DIV_EnkelSak.Designer.cs,60,184,1268
C#,./CosdocToNet/CosDocOcx/omsorg_adm/RPvk_VaktKode.Designer.cs,28,229,1267
C#,./CosdocToNet/CosDocOcx/felles/Kodeverk/CTLControl.cs,179,537,1263
C#,./CosdocToNet/CosDocOcx/websak_adm/RGtm_TekstMal.Designer.cs,69,181,1239
C#,./CosdocToNet/CosDocOcx/omsorg_lonn/frmTurnusIntegrasjon.cs,171,180,1235
C#,./CosdocToNet/CosDocOcx/Hovedskjermbilder/ucRessurs.Designer.cs,4,214,1231
C#,./CosdocToNet/CosDocOcx/omsorg_jour/ucIplosVurdering.Designer.cs,19,202,1220
C#,./CosdocToNet/CosDocOcx/omsorg_pcv/WS_PCVakt.cs,134,170,1218
C#,./CosdocToNet/CosDocOcx/Hovedskjermbilder/ucUtvalg.Designer.cs,15,199,1217
C#,./CosdocToNet/CosDocOcx/omsorg_jour/WS_PJTilgang.cs,111,118,1207
HTML,./CosDocInstaller/CosDocInstaller/Express/SingleImage/Reports/5-20-2015 03-52-24.htm,849,0,1204
HTML,./CosDocInstaller/CosDocInstaller/Express/SingleImage/Reports/5-20-2015 03-48-04.htm,849,0,1204
C#,./CosdocToNet/CosDocOcx/omsorg_lonn/RGct_ComboText.cs,129,161,1185
C#,./CosdocToNet/CosDocOcx/omsorg_fakt/Gbr_Avdeling.cs,133,69,1169
C#,./CosdocToNet/CosDocOcx/omsorg/frmPst_Iverksett.cs,195,59,1160
C#,./CosdocToNet/CosDocOcx/omsorg_lonn/OLSting.cs,128,19,1158
C#,./CosdocToNet/CosDocOcx/omsorg_mld/TabellKlasser/Gid_Select.cs,181,44,1153
C#,./CosdocToNet/Felles/Lib/ho/current/modControls.cs,183,95,1137
C#,./CosdocToNet/CosDocOcx/Web References/CosDocService/Reference.cs,275,183,1129
HTML,./CosdocToNet/Komponenter/AcosCSAdresseCtl/ho/AcosAdresseCtl_UpgradeReport.htm,5,0,1114
C#,./CosdocToNet/Komponenter/AcosCSCtrls/Ho/Kodeverk/kodeverk.cs,189,58,1112
C#,./CosdocToNet/Komponenter/CosDocXml2/XML.cs,120,107,1110
C#,./CosdocToNet/CosDocOcx/omsorg_fakt/Glo_Logg.cs,171,34,1105
C#,./CosdocToNet/CosDocOcx/omsorg_arbplan/frmPvd_VaktDatTurnInt.Designer.cs,72,166,1099
C#,./CosdocToNet/CosDocOcx/omsorg_mld/MLLister.cs,145,153,1092
C#,./CosdocToNet/CosDocOcx/omsorg_arbplan/frmPtp_TurnPlan.cs,168,79,1091
C#,./CosdocToNet/CosDocOcx/Hovedskjermbilder/ucSak.cs,186,47,1088
C#,./CosdocToNet/CosDocOcx/omsorg/frmJou_KritOrg.cs,130,95,1086
C#,./CosdocToNet/CosDocOcx/omsorg/Ptj_Kritjos.Designer.cs,53,160,1076
C#,./CosdocToNet/CosDocOcx/omsorg_adm/SPre_Ressurs.cs,172,57,1062
C#,./CosdocToNet/CosDocOcx/omsorg_fakt/RGro_Rolle.Designer.cs,28,178,1057
C#,./CosdocToNet/CosDocOcx/omsorg/Ptj_Kritjos.cs,129,155,1047
C#,./CosdocToNet/CosDocOcx/omsorg_adm/RPre_Ressurs.Designer.cs,23,184,1041
C#,./CosdocToNet/CosDocOcx/felles/Kodeverk/RKkv_Kodeverk.Designer.cs,4,160,1035
C#,./CosdocToNet/CosDocOcx/omsorg/WS_AGAppGlobale.cs,164,67,1031
HTML,./CosdocToNet/Komponenter/AcosCSDynCtl/Ho/AcosCSDynCtls_UpgradeReport.htm,5,0,1026
C#,./CosdocToNet/CosDocOcx/omsorg/frmPst_Enkel.Designer.cs,4,157,1017
C#,./CosdocToNet/CosDocOcx/omsorg/Pst_Krit.Designer.cs,52,151,1016
C#,./CosdocToNet/Komponenter/AcosCSCtrls/Ho/Date/ucDate.cs,169,14,1000
C#,./CosdocToNet/CosDocOcx/omsorg_pasregn/frmPA_Krit.cs,126,163,998
C#,./CosdocToNet/CosDocOcx/felles/WS_DBfunk.cs,126,61,997
C#,./CosdocToNet/CosDocOcx/omsorg/Pst_Krit.cs,122,138,992
C#,./CosdocToNet/CosDocOcx/omsorg/frmPHMS_Enkel.cs,159,59,980
C#,./CosdocToNet/CosDocOcx/omsorg_jour/PJTypeDef.cs,79,9,976
C#,./CosdocToNet/CosDocOcx/omsorg_jour/frmLfe_Krit.Designer.cs,43,154,975
C#,./CosdocToNet/CosDocOcx/websak/DIV_DelSak.cs,134,90,974
C#,./CosdocToNet/CosDocOcx/omsorg_fakt/Pon_Reskontro.Designer.cs,65,157,973
C#,./CosdocToNet/CosDocOcx/omsorg_arbplan/frmPaf_AktFast.Designer.cs,66,148,970
C#,./CosdocToNet/Komponenter/AcosCSCtrls/Ho/Menu/ucMenu.cs,184,25,969
C#,./CosdocToNet/CosDocOcx/omsorg/Ptj_KritTiltak.cs,117,119,961
C#,./CosdocToNet/CosDocOcx/omsorg_fakt/frmOfBrevIl.cs,135,102,957
C#,./CosdocToNet/CosDocOcx/omsorg/Ptj_KritTiltak.Designer.cs,45,145,954
C#,./CosdocToNet/CosDocOcx/omsorg_jour/frmLgl_GittLegeMiddel.Designer.cs,29,154,947
C#,./CosdocToNet/CosDocOcx/websak/SOK_Sak.cs,98,69,938
C#,./CosdocToNet/CosDocOcx/omsorg_lonn/OLTypeDef.cs,60,0,933
C#,./CosdocToNet/Felles/Lib/ho/current/DatoTid.cs,356,29,929
C#,./CosdocToNet/CosDocOcx/omsorg_adm/RGap_Applikasjon.Designer.cs,3,178,918
C#,./CosdocToNet/CosDocOcx/omsorg_mld/frmRmxa_AmlAvtale.cs,127,160,910
C#,./CosdocToNet/CosDocOcx/omsorg_websak/RGgr_Gruppe3.Designer.cs,30,160,905
C#,./CosdocToNet/CosDocOcx/omsorg_adm/RGsy_System.Designer.cs,23,157,902
C#,./CosdocToNet/CosDocOcx/omsorg_jour/frmLgl_GittMange.Designer.cs,37,148,902
C#,./CosdocToNet/CosDocOcx/omsorg_websak/frmGidSoekKriterie.Designer.cs,6,185,894
C#,./CosdocToNet/CosDocOcx/omsorg_arbplan/frmPvf_VaktFast.Designer.cs,57,139,893
C#,./CosdocToNet/CosDocOcx/omsorg_jour/frmREst_EpjSaksType.Designer.cs,9,145,888
C#,./CosdocToNet/CosDocOcx/omsorg_fakt/RGfu_Funksjon.Designer.cs,16,157,887
C#,./CosdocToNet/CosDocOcx/omsorg_jour/frmLfl_FLegeMiddel.cs,115,48,887
C#,./CosdocToNet/CosDocOcx/omsorg_fakt/Pfs_FaktSum.Designer.cs,18,151,883
C#,./CosdocToNet/CosDocOcx/omsorg_mld/Mdp_DialogPerson.cs,115,139,882
C#,./CosdocToNet/CosDocOcx/omsorg_jour/tpJre_JourReg.cs,101,3,878
C#,./CosdocToNet/CosDocOcx/omsorg_fakt/RPfe_FaktTjeneste.Designer.cs,32,148,877
C#,./CosdocToNet/CosDocOcx/omsorg_mld/Mel_EmeldingLogg.Designer.cs,4,151,872
C#,./CosdocToNet/CosDocOcx/omsorg_mld/Mla_MldAnsv.Designer.cs,3,142,865
C#,./CosdocToNet/CosDocOcx/omsorg_arbplan/Ptl_TurnusLogg.Designer.cs,3,150,864
C#,./CosdocToNet/CosDocOcx/omsorg/frmPBrev.cs,115,130,857
C#,./CosdocToNet/CosDocOcx/omsorg_fakt/Pfc_FaktCDokument.Designer.cs,24,133,852
C#,./CosdocToNet/CosDocOcx/omsorg_fakt/Rpot_OkoTekst.Designer.cs,31,142,851
C#,./CosdocToNet/CosDocOcx/websak_adm/RGfi_Firma.Designer.cs,4,166,851
C#,./CosdocToNet/CosDocOcx/omsorg_fakt/RPft_FaktTak.Designer.cs,17,148,849
C#,./CosdocToNet/CosDocOcx/omsorg_jour/frmRJaa_AnsvarAdm.Designer.cs,23,127,848
C#,./CosdocToNet/Komponenter/AcosCSAdresseCtl/ho/AcosAdresseCtl.cs,149,24,845
C#,./CosdocToNet/CosDocOcx/omsorg_lonn/RPly_LonnSystem.Designer.cs,15,148,842
C#,./CosdocToNet/CosDocOcx/omsorg_adm/RPpm_ProveveMapping.Designer.cs,29,145,839
C#,./CosdocToNet/CosDocOcx/omsorg/frmPtj_Krit4.cs,82,84,828
C#,./CosdocToNet/Felles/Lib/ho/current/modGlobal.cs,159,27,824
C#,./CosdocToNet/CosDocOcx/omsorg_fakt/WS_OFDato.cs,108,9,819
C#,./CosdocToNet/CosDocOcx/omsorg_mld/Mli_MeldingImporter.Designer.cs,9,145,816
C#,./CosdocToNet/Komponenter/CosDocXml2/XmlBookmarkReader.cs,86,103,811
C#,./CosdocToNet/CosDocOcx/omsorg/frmPrb_Krit.Designer.cs,58,124,809
C#,./CosdocToNet/CosDocOcx/websak/DOK_AvskrivFlere.cs,136,74,808
C#,./CosdocToNet/CosDocOcx/omsorg_mld/TabellKlasser/Gkli_KlientIdentitet.cs,136,251,806
C#,./CosdocToNet/CosDocOcx/omsorg_adm/RPpg_ProeveGruppe.Designer.cs,9,148,805
C#,./CosdocToNet/Komponenter/AcosCSCtrls/Ho/Textbox/BigText.cs,220,178,801
C#,./CosdocToNet/CosDocOcx/omsorg_lonn/RPlf_FastArtKontering.Designer.cs,36,127,797
C#,./CosdocToNet/CosDocOcx/felles/frmNyRapp.cs,80,27,791
C#,./CosdocToNet/CosDocOcx/omsorg_adm/frmKfr_FilterRegel.Designer.cs,2,145,788
C#,./CosdocToNet/CosDocOcx/websak_adm/RSut_Utvalg.Designer.cs,16,142,788
C#,./CosdocToNet/CosDocOcx/omsorg/frmPtj_Kriterier.cs,84,171,786
C#,./CosdocToNet/CosDocOcx/omsorg_fakt/OFParameter.cs,84,74,782
C#,./CosdocToNet/CosDocOcx/omsorg/frmPrint.cs,83,35,781
C#,./CosdocToNet/CosDocOcx/omsorg/frmPrb_ResBruk.Designer.cs,14,136,779
C#,./CosdocToNet/CosDocOcx/omsorg_jour/frmJre_PLAN.cs,91,140,774
C#,./CosdocToNet/CosDocOcx/omsorg_res/frmPrf_Trygghetsalarm.cs,93,26,771
C#,./CosdocToNet/CosDocOcx/omsorg_fakt/Glo_Logg.Designer.cs,5,133,771
C#,./CosdocToNet/CosDocOcx/omsorg_jour/frmLgle_GittLMEffekt.Designer.cs,29,121,768
C#,./CosdocToNet/CosDocOcx/omsorg_lonn/Pls_StingKall.Designer.cs,2,148,768
C#,./CosdocToNet/CosDocOcx/omsorg_jour/frmRTtm_TiltMal.Designer.cs,2,130,767
C#,./CosdocToNet/CosDocOcx/omsorg_jour/Kva_VareReg.cs,72,85,766
C#,./CosdocToNet/CosDocOcx/omsorg/frmRPrg_ResGruppe.Designer.cs,18,130,765
C#,./CosdocToNet/CosDocOcx/omsorg/PDokType.cs,107,14,756
C#,./CosdocToNet/CosDocOcx/omsorg_lonn/StringRutiner.cs,155,145,754
C#,./CosdocToNet/CosDocOcx/felles/WS_RPRapport.cs,43,151,753
C#,./CosdocToNet/Komponenter/Servicekall2/Parameter.cs,83,5,753
C#,./CosdocToNet/CosDocOcx/omsorg_jour/frmSKva_Varereg.cs,117,30,753
C#,./CosdocToNet/Komponenter/AcosCSDynCtl/Ho/Controls/ucJourSkjema.cs,209,68,746
C#,./CosdocToNet/CosDocOcx/omsorg_fakt/OFParameter.Designer.cs,45,118,744
C#,./CosdocToNet/CosDocOcx/omsorg_fakt/GKTypeDef.cs,34,1,740
C#,./CosdocToNet/CosDocOcx/omsorg_pasregn/frmPA_Krit.Designer.cs,21,121,735
C#,./CosdocToNet/CosDocOcx/omsorg_jour/frmLEGForskriv.cs,76,56,734
C#,./CosdocToNet/CosDocOcx/omsorg/frmKrit_Gen.cs,85,27,733
C#,./CosdocToNet/CosDocOcx/omsorg/WS_OJOmsJour.cs,128,49,732
C#,./CosdocToNet/CosDocOcx/omsorg_jour/RJrs_RegTypeSub.Designer.cs,9,115,729
C#,./CosdocToNet/CosDocOcx/omsorg_mld/MLElArkiv.cs,88,88,727
C#,./CosdocToNet/CosDocOcx/omsorg_res/frmPre_Krit.cs,97,105,723
C#,./CosdocToNet/CosDocOcx/omsorg_jour/RKla_LegAdmVei.Designer.cs,2,115,717
C#,./CosdocToNet/CosDocOcx/omsorg/frmPgx_KritOrg.Designer.cs,24,115,716
C#,./CosdocToNet/CosDocOcx/omsorg_jour/frmLfe_Krit.cs,85,80,710
C#,./CosdocToNet/CosDocOcx/omsorg_fakt/WS_BSTekst.cs,76,44,709
C#,./CosdocToNet/CosDocOcx/omsorg_arbplan/frmPad_Krit3.Designer.cs,35,118,707
C#,./CosdocToNet/CosDocOcx/omsorg_adm/RPaa_AktArt.Designer.cs,3,124,701
C#,./CosdocToNet/CosDocOcx/omsorg_adm/RPty_TiltaksType.Designer.cs,3,130,700
C#,./CosdocToNet/CosDocOcx/omsorg_lonn/SGas_Ansettelse.cs,99,20,694
C#,./CosdocToNet/CosDocOcx/omsorg_jour/frmLEGForskriv.Designer.cs,15,121,693
C#,./CosdocToNet/CosDocOcx/omsorg_adm/RPwh_WhyKode.Designer.cs,9,124,693
C#,./CosdocToNet/CosDocOcx/omsorg/frmPtj_Kriterier.Designer.cs,25,115,693
C#,./CosdocToNet/CosDocOcx/omsorg/frmPrb_Krit2.Designer.cs,31,112,692
C#,./CosdocToNet/CosDocOcx/omsorg_adm/RPrt_ResType.Designer.cs,3,124,691
C#,./CosdocToNet/CosDocOcx/omsorg/frmOKrit_GklGr.cs,81,15,686
C#,./CosdocToNet/Komponenter/CosDocXml2/xmlEMWriter.cs,57,39,684
C#,./CosdocToNet/CosDocOcx/omsorg_res/frmPre_Krit.Designer.cs,30,109,682
C#,./CosdocToNet/CosDocOcx/omsorg_arbplan/frmPal_ALogg.Designer.cs,3,124,679
C#,./CosdocToNet/CosDocOcx/omsorg_adm/RGgk_Grunnkrets.Designer.cs,9,109,679
C#,./CosdocToNet/CosDocOcx/omsorg_mld/Mef_EmeldingFeil.Designer.cs,16,134,678
C#,./CosdocToNet/CosDocOcx/omsorg/frmPtj_Krit4.Designer.cs,25,109,670
C#,./CosdocToNet/CosDocOcx/omsorg_fakt/OFRpt.cs,113,20,669
C#,./CosdocToNet/CosDocOcx/omsorg_fakt/RPog_OkoGruppe.Designer.cs,5,118,664
C#,./CosdocToNet/CosDocOcx/omsorg_jour/frmJre_Velg2.Designer.cs,22,91,663
C#,./CosdocToNet/CosDocOcx/omsorg/frmOKrit_GklGr.Designer.cs,42,103,660
C#,./CosdocToNet/CosDocOcx/omsorg_jour/frmJre_Velg2.cs,93,67,660
C#,./CosdocToNet/CosDocOcx/omsorg_lonn/frmGbr_Gruppe.Designer.cs,16,115,657
C#,./CosdocToNet/CosDocOcx/omsorg/PDokType.Designer.cs,35,100,655
C#,./CosdocToNet/CosDocOcx/omsorg/frmPrb_Krit.cs,87,69,655
C#,./CosdocToNet/CosDocOcx/omsorg/frmPgx_KritOrg.cs,85,85,652
C#,./CosdocToNet/CosDocOcx/omsorg/frmJou_Krit.Designer.cs,31,100,650
C#,./CosdocToNet/CosDocOcx/omsorg_jour/frmJre_PLAN.Designer.cs,8,118,649
C#,./CosdocToNet/CosDocOcx/omsorg/frmPti_Enkel.cs,76,13,647
C#,./CosdocToNet/CosDocOcx/omsorg_arbplan/frmPad_Krit3.cs,85,14,646
C#,./CosdocToNet/Exe/CosDoc.cs,97,13,641
C#,./CosdocToNet/CosDocOcx/omsorg_arbplan/WS_OAStandard.cs,38,32,632
C#,./CosdocToNet/CosDocOcx/omsorg/frmPst_Vedtak2.Designer.cs,31,97,630
C#,./CosdocToNet/CosDocOcx/omsorg_fakt/Pon_Forsorger.cs,77,22,630
C#,./CosdocToNet/CosDocOcx/omsorg/frmPhm_HusstMaster.Designer.cs,6,109,627
C#,./CosdocToNet/CosDocOcx/omsorg_adm/RGab_ApplikasjonBruker.Designer.cs,16,109,627
C#,./CosdocToNet/CosDocOcx/websak/SAK_Behandling.cs,70,48,624
C#,./CosdocToNet/Exe/form.cs,115,17,622
C#,./CosdocToNet/CosDocOcx/omsorg_arbplan/frmPvd_FordelManuelt.cs,90,9,620
C#,./CosdocToNet/CosDocOcx/omsorg_adm/RPts_TilstType.Designer.cs,4,109,620
C#,./CosdocToNet/CosDocOcx/omsorg_adm/RPk3_PttGtmKobling.Designer.cs,29,107,618
C#,./CosdocToNet/CosDocOcx/omsorg_fakt/Pon_Krit1.cs,69,27,618
C#,./CosdocToNet/CosDocOcx/omsorg_adm/Rpvg_VaktGruppe.Designer.cs,3,121,618
JavaScript,./CosdocToNet/Komponenter/AcosCSAdresseCtl/ho/Scripts/jquery-2.1.1.intellisense.js,8,2048,614
C#,./CosdocToNet/CosDocOcx/omsorg_arbplan/frmPad_FordelManuelt.cs,92,7,612
C#,./CosdocToNet/Komponenter/CosDocXml2/HTML.cs,53,140,610
C#,./CosdocToNet/CosDocOcx/omsorg_lonn/SGas_Ansettelse.Designer.cs,22,106,610
C#,./CosdocToNet/CosDocOcx/omsorg/KontrollBinding.cs,48,12,610
C#,./CosdocToNet/CosDocOcx/omsorg/frmGkl_Soek.cs,70,55,608
C#,./CosdocToNet/CosDocOcx/omsorg_lonn/frmRPlh_LonnHelling.Designer.cs,8,109,608
C#,./CosdocToNet/CosDocOcx/omsorg/ucArblJourReg.cs,146,23,605
C#,./CosdocToNet/CosDocOcx/websak/DOK_AMRegEn.Designer.cs,16,115,604
C#,./CosdocToNet/CosDocOcx/websak_adm/RSfs_FasteSaker.Designer.cs,18,97,600
C#,./CosdocToNet/CosDocOcx/websak/DIV_SisteSoekPredef.cs,105,13,600
C#,./CosdocToNet/CosDocOcx/omsorg_adm/RGdi_Distrikt.Designer.cs,5,112,599
C#,./CosdocToNet/CosDocOcx/omsorg/ucVenteliste.cs,98,15,599
C#,./CosdocToNet/CosDocOcx/felles/WS_IORutiner.cs,103,77,598
C#,./CosdocToNet/CosDocOcx/omsorg_jour/frmTsl_InfoSlett.cs,80,92,595
C#,./CosdocToNet/CosDocOcx/omsorg_jour/frmJrt_Enkel.cs,76,20,591
C#,./CosdocToNet/Komponenter/CosDocXml2/EmHTML.cs,42,22,580
C#,./CosdocToNet/CosDocOcx/omsorg/frmPtj_Krit3.cs,63,49,579
C#,./CosdocToNet/CosDocOcx/omsorg_fakt/Fakt_Meny.Designer.cs,32,94,577
C#,./CosdocToNet/CosDocOcx/Hovedskjermbilder/ucRapport.Designer.cs,3,91,570
C#,./CosdocToNet/CosDocOcx/omsorg_lonn/frmTurnusIntegrasjon.Designer.cs,10,94,564
MSBuild script,./CosdocToNet/Exe/CosDoc.csproj,0,7,563
C#,./CosdocToNet/CosDocOcx/omsorg_lonn/RGfg_FagGruppe.Designer.cs,8,100,559
C#,./CosdocToNet/CosDocOcx/omsorg/frmPst_Soeknad.Designer.cs,25,92,559
C#,./CosdocToNet/CosDocOcx/omsorg/frmPrb_Krit2.cs,63,53,556
C#,./CosdocToNet/Komponenter/AcosCSCtrls/Ho/Date/DIV_AcosKalender.cs,43,34,553
C#,./CosdocToNet/CosDocOcx/omsorg_jour/frmLfl_FLegeMiddel.Designer.cs,2,100,548
C#,./CosdocToNet/CosDocOcx/websak_adm/RSns_NrSerie.Designer.cs,14,91,547
C#,./CosdocToNet/CosDocOcx/omsorg/frmPBrev.Designer.cs,30,82,547
C#,./CosdocToNet/CosDocOcx/omsorg_adm/RPrk_ResKonstanter.Designer.cs,9,97,545
C#,./CosdocToNet/CosDocOcx/omsorg_adm/RPtg_Tiltaksgruppe.Designer.cs,3,100,544
C#,./CosdocToNet/CosDocOcx/omsorg_res/frmPrf_Trygghetsalarm.Designer.cs,2,100,543
C#,./CosdocToNet/CosDocOcx/omsorg/WS_PROversikter.cs,77,48,542
C#,./CosdocToNet/CosDocOcx/omsorg_adm/RPiu_InnUt.Designer.cs,3,100,539
C#,./CosdocToNet/CosDocOcx/omsorg_jour/frmTsl_InfoSlett.Designer.cs,15,94,538
C#,./CosdocToNet/CosDocOcx/websak/DIV_SisteSoekPredef.Designer.cs,20,85,538
C#,./CosdocToNet/CosDocOcx/omsorg_adm/RPpt_ProeveType.Designer.cs,2,100,533
C#,./CosdocToNet/CosDocOcx/felles/Kodeverk/RKma_KodeMapping.cs,74,30,532
C#,./CosdocToNet/CosDocOcx/websak_adm/RSar_Arkiv.Designer.cs,5,97,532
C#,./CosdocToNet/CosDocOcx/omsorg_arbplan/frmPtp_TurnPlan.Designer.cs,16,91,532
C#,./CosdocToNet/Komponenter/AcosCSDynCtl/Ho/Controls/SchemaControlBasic.cs,122,6,531
MSBuild script,./CosdocToNet/Komponenter/AcosCSLib/ho/AcosCSLib.csproj,0,7,531
C#,./CosdocToNet/CosDocOcx/omsorg_jour/frmEpj_Overfoer.Designer.cs,22,88,529
C#,./CosdocToNet/CosDocOcx/omsorg/frmPtj_Krit5.cs,67,62,527
C#,./CosdocToNet/CosDocOcx/omsorg_lonn/OLCombo.cs,76,57,525
C#,./CosdocToNet/CosDocOcx/omsorg_jour/Graf_LAB.cs,87,143,525
C#,./CosdocToNet/CosDocOcx/felles/KalenderAar.cs,56,24,522
C#,./CosdocToNet/CosDocOcx/omsorg_arbplan/frmPad_Krit4.cs,63,52,521
C#,./CosdocToNet/CosDocOcx/websak_adm/RGpo_Post.Designer.cs,14,94,520
C#,./CosdocToNet/CosDocOcx/omsorg_arbplan/frmPaf_Fordel.Designer.cs,3,76,520
C#,./CosdocToNet/CosDocOcx/omsorg_fakt/Ptj_Faktura.cs,61,9,518
C#,./CosdocToNet/CosDocOcx/omsorg_lonn/RPla_LonnArt.Designer.cs,8,91,515
C#,./CosdocToNet/CosDocOcx/websak/DIV_DelSak.Designer.cs,4,82,515
C#,./CosdocToNet/CosDocOcx/omsorg_adm/frmCosDocMobilAdmin.Designer.cs,3,100,512
C#,./CosdocToNet/CosDocOcx/felles/Kodeverk/RKma_KodeMapping.Designer.cs,4,94,510
C#,./CosdocToNet/CosDocOcx/omsorg_fakt/frmGbr_Velg.cs,63,20,510
C#,./CosdocToNet/CosDocOcx/felles/frmNyRapp.Designer.cs,5,88,509
C#,./CosdocToNet/Komponenter/CosDocXml2/XmlWrappingReader.cs,45,69,508
C#,./CosdocToNet/CosDocOcx/felles/Kodeverk/frmEgendefKodeverk.Designer.cs,2,85,505
C#,./CosdocToNet/Komponenter/AcosCSLib/ho/Kodeverk/Trer.cs,149,23,503
HTML,./CosdocToNet/Exe/CosDoc_UpgradeReport.htm,5,0,501
C#,./CosdocToNet/CosDocOcx/omsorg_adm/RPca_Avdeling.Designer.cs,8,88,499
C#,./CosdocToNet/CosDocOcx/omsorg/Ptj_Krit2.cs,58,40,499
C#,./CosdocToNet/CosDocOcx/websak/DIV_Kriterier.cs,57,80,498
C#,./CosdocToNet/CosDocOcx/omsorg_arbplan/frmPad_Krit5.cs,68,13,496
C#,./CosdocToNet/CosDocOcx/omsorg_lonn/RPlg_LonnkonterinG.Designer.cs,8,88,496
WiX source,./Tools/WiX/dir_product.wxs,0,0,495
C#,./CosdocToNet/CosDocOcx/omsorg/frmDIV_Dok.cs,79,10,494
C#,./CosdocToNet/CosDocOcx/websak_adm/RGtk_TekstKatalog.Designer.cs,5,94,489
C#,./CosdocToNet/CosDocOcx/omsorg_lonn/frmGbr_GruppeKart.cs,91,73,488
C#,./CosdocToNet/CosDocOcx/omsorg_websak/frmGidSoekKriterie.cs,68,30,486
C#,./CosdocToNet/Komponenter/AcosCSCtrls/Ho/Kodeverk/hierarki.cs,134,197,486
C#,./CosdocToNet/Komponenter/AcosCSLib/ho/Sak/SasGkl.cs,60,53,483
C#,./CosdocToNet/CosDocOcx/omsorg_jour/frmJre_KritSlett.cs,53,61,479
C#,./CosdocToNet/CosDocOcx/omsorg/frmJou_Krit.cs,64,47,479
C#,./CosdocToNet/CosDocOcx/omsorg_fakt/RPfi_FaktInstitusjon.Designer.cs,10,85,475
MSBuild script,./CosdocToNet/Komponenter/AcosCSCtrls/Ho/AcosCSCtrls.csproj,0,7,474
C#,./CosdocToNet/CosDocOcx/omsorg_pasregn/frmPA_Ny.cs,58,76,473
C#,./CosdocToNet/CosDocOcx/websak_adm/RSgr_Gradering.Designer.cs,4,85,473
C#,./CosdocToNet/CosDocOcx/omsorg_adm/Spg_Paragraf.Designer.cs,2,88,471
C#,./CosdocToNet/Felles/Lib/ho/current/vsFlex.cs,140,12,469
C#,./CosdocToNet/CosDocOcx/omsorg_adm/SGfr_FolkeRegister.cs,67,21,468
C#,./CosdocToNet/CosDocOcx/omsorg/frmPpa_PauseInfo.cs,106,11,467
C#,./CosdocToNet/CosDocOcx/omsorg/frmGid_Krit.cs,50,40,467
C#,./CosdocToNet/CosDocOcx/omsorg_mld/Mlf_MldForfalt.cs,62,41,466
C#,./CosdocToNet/CosDocOcx/scan/clsConverterDoc.cs,38,34,466
C#,./CosdocToNet/CosDocOcx/omsorg/Ptj_Krit2.Designer.cs,31,70,465
C#,./CosdocToNet/CosDocOcx/omsorg_arbplan/frmPad_Kriterier.Designer.cs,28,77,464
C#,./CosdocToNet/CosDocOcx/omsorg/frmPpa_Pause.Designer.cs,10,79,464
C#,./CosdocToNet/CosDocOcx/omsorg_fakt/frmOfBrevIl.Designer.cs,16,82,462
C#,./CosdocToNet/CosDocOcx/omsorg/frmPtj_Krit3.Designer.cs,24,73,461
C#,./CosdocToNet/CosDocOcx/Web References/CosDocNHNAher/Reference.cs,110,78,456
C#,./CosdocToNet/CosDocOcx/omsorg_lonn/RGsk_stillingKode.Designer.cs,2,85,453
C#,./CosdocToNet/CosDocOcx/omsorg/frmPtj_VelgTjeneste.Designer.cs,14,62,453
C#,./CosdocToNet/CosDocOcx/omsorg/Hjelpemidler.Designer.cs,8,95,450
C#,./CosdocToNet/CosDocOcx/omsorg_arbplan/frmPad_Kriterier.cs,62,33,449
C#,./CosdocToNet/CosDocOcx/omsorg_jour/frmEps_Linker.cs,61,56,448
C#,./CosdocToNet/CosDocOcx/websak/SAK_Behandling.Designer.cs,33,61,447
C#,./CosdocToNet/CosDocOcx/Hovedskjermbilder/ucSakVedtak.cs,73,10,446
C#,./CosdocToNet/CosDocOcx/omsorg_arbplan/frmPsy_Krit1.cs,57,32,444
C#,./CosdocToNet/CosDocOcx/omsorg/frmJk1_Alias.Designer.cs,4,73,444
C#,./CosdocToNet/CosDocOcx/omsorg/frmFunkmaalingGrupper.cs,74,54,444
C#,./CosdocToNet/CosDocOcx/omsorg_jour/frmEpj_Overfoer.cs,61,53,442
C#,./CosdocToNet/CosDocOcx/websak_adm/RSka_Kategori.Designer.cs,4,79,440
C#,./CosdocToNet/CosDocOcx/websak/DIV_Kriterier.Designer.cs,27,64,440
C#,./CosdocToNet/CosDocOcx/omsorg_jour/frmEpj_Ny.cs,62,22,438
C#,./CosdocToNet/CosDocOcx/Hovedskjermbilder/ucTjenestebruker.Designer.cs,17,82,437
C#,./CosdocToNet/CosDocOcx/omsorg_jour/frmEps_Revisjon.cs,63,59,436
C#,./CosdocToNet/CosDocOcx/omsorg/frmPtj_Krit5.Designer.cs,24,64,436
C#,./CosdocToNet/CosDocOcx/omsorg_jour/Graf_LAB.Designer.cs,2,91,434
C#,./CosdocToNet/Komponenter/CosDocXml2/EmHTMLWriter.cs,42,4,434
C#,./CosdocToNet/CosDocOcx/websak/DOK_AMRegEn.cs,51,16,431
C#,./CosdocToNet/CosDocOcx/omsorg_fakt/frmPftr_FaktTrekkRapport.Designer.cs,10,73,431
C#,./CosdocToNet/CosDocOcx/websak/DIV_Postjournal.Designer.cs,26,64,430
C#,./CosdocToNet/CosDocOcx/websak_adm/RSje_JournalEnhet.Designer.cs,4,76,428
C#,./CosdocToNet/CosDocOcx/websak_adm/RSda_DelArkiv.Designer.cs,4,76,428
C#,./CosdocToNet/Komponenter/AcosCSLib/ho/Kodeverk/Koder.cs,76,7,426
C#,./CosdocToNet/Komponenter/CosDocXml2/xmlEMReader.cs,40,16,423
C#,./CosdocToNet/CosDocOcx/omsorg_fakt/OLDato.cs,65,79,423
C#,./CosdocToNet/CosDocOcx/omsorg_fakt/OFPtj_VelgTjen.cs,52,18,419
C#,./CosdocToNet/CosDocOcx/omsorg_fakt/Pon_Krit1.Designer.cs,31,64,418
C#,./CosdocToNet/Komponenter/AcosCSAdresseCtl/ho/ucAdr.cs,83,5,417
C#,./CosdocToNet/CosDocOcx/omsorg_fakt/Ptj_Faktura.Designer.cs,3,76,417
C#,./CosdocToNet/CosDocOcx/omsorg_jour/frmPgt_Krit.Designer.cs,15,70,415
C#,./CosdocToNet/CosDocOcx/omsorg_mld/frmMle_Liste.Designer.cs,6,99,412
C#,./CosdocToNet/CosDocOcx/omsorg_pasregn/frmPA_Mottaker.cs,30,22,406
C#,./CosdocToNet/Exe/modCosDoc.cs,77,11,405
C#,./CosdocToNet/CosDocOcx/omsorg/frmPHMS_Enkel.Designer.cs,8,67,403
C#,./CosdocToNet/CosDocOcx/omsorg_arbplan/frmPvd_FordelManuelt.Designer.cs,9,61,402
C#,./CosdocToNet/CosDocOcx/omsorg/frmDIV_Grid.cs,46,8,400
C#,./CosdocToNet/CosDocOcx/omsorg_websak/Gdeb_DefverdiBruker.cs,56,19,400
C#,./CosdocToNet/CosDocOcx/omsorg_arbplan/frmPvd_Liste.cs,44,6,396
C#,./CosdocToNet/CosDocOcx/omsorg_lonn/RGct_ComboText.Designer.cs,2,76,394
C#,./CosdocToNet/CosDocOcx/omsorg_adm/SGid_Identitet.cs,48,21,394
C#,./CosdocToNet/CosDocOcx/omsorg_arbplan/frmPad_Krit5.Designer.cs,22,64,392
C#,./CosdocToNet/CosDocOcx/omsorg_jour/frmSKva_Varereg.Designer.cs,3,76,392
C#,./CosdocToNet/CosDocOcx/omsorg_arbplan/frmPad_Krit4.Designer.cs,22,64,390
C#,./CosdocToNet/CosDocOcx/omsorg_fakt/OFPtj_VelgTjen.Designer.cs,10,61,389
C#,./CosdocToNet/CosDocOcx/omsorg/frmFunkmaalingGrupper.Designer.cs,17,55,388
C#,./CosdocToNet/CosDocOcx/omsorg_jour/frmJre_KritSlett.Designer.cs,22,58,388
C#,./CosdocToNet/CosDocOcx/websak/SAK_Arkivkode.cs,51,41,387
C#,./CosdocToNet/CosDocOcx/omsorg_arbplan/frmPad_FordelManuelt.Designer.cs,9,61,387
C#,./CosdocToNet/CosDocOcx/omsorg_fakt/frmPftr_FaktTrekkRapport.cs,59,24,387
C#,./CosdocToNet/CosDocOcx/felles/WS_RARapporter.cs,36,22,386
C#,./CosdocToNet/CosDocOcx/omsorg_jour/frmEpj_Ny.Designer.cs,15,64,384
C#,./CosdocToNet/CosDocOcx/felles/SletteSjekk.cs,22,51,383
C#,./CosdocToNet/CosDocOcx/omsorg_mld/frmMle_Liste.cs,54,9,382
C#,./CosdocToNet/Komponenter/AcosCSLib/ho/Kodeverk/Ktr_Trer.cs,113,14,380
WiX source,./Tools/WiX/dir_product_ngen.wxs,0,0,379
C#,./CosdocToNet/CosDocOcx/omsorg_jour/InteraksjonsOversikt.cs,111,0,379
C#,./CosdocToNet/Komponenter/CosDocXml2/XmlSignering.cs,60,62,378
C#,./CosdocToNet/CosDocOcx/omsorg_jour/WS_PJCombo.cs,35,52,375
C#,./CosdocToNet/CosDocOcx/omsorg_arbplan/frmPad_Krit2.cs,54,5,373
C#,./CosdocToNet/CosDocOcx/omsorg_adm/frmCosDocMobilAdmin.cs,44,14,371
C#,./CosdocToNet/CosDocOcx/omsorg/frmPrb_Rutine.Designer.cs,3,67,371
C#,./CosdocToNet/Komponenter/AcosCSAdresseCtl/ho/ucAdr.Designer.cs,6,55,369
C#,./CosdocToNet/CosDocOcx/omsorg/frmPtj_VelgTjen.cs,57,33,367
C#,./CosdocToNet/CosDocOcx/omsorg_jour/frmLmr_LMRegler.cs,44,7,365
C#,./CosdocToNet/CosDocOcx/omsorg_arbplan/frmPsy_Krit1.Designer.cs,22,61,364
C#,./CosdocToNet/CosDocOcx/omsorg_jour/frmJou_Opne.cs,36,32,361
C#,./CosdocToNet/CosDocOcx/omsorg_jour/frmPd2_Diagnose.cs,63,23,359
C#,./CosdocToNet/CosDocOcx/omsorg/frmPtj_Krit6.cs,63,13,357
C#,./CosdocToNet/Komponenter/AcosCSCtrls/Ho/FlexGrid/FlexGridExtended.cs,36,1,357
C#,./CosdocToNet/CosDocOcx/omsorg/frmPrb_Vurder.cs,55,30,357
C#,./CosdocToNet/Komponenter/AcosCSAdresseCtl/ho/ucAdrKobling.cs,66,2,356
C#,./CosdocToNet/CosDocOcx/omsorg_adm/SGfr_FolkeRegister.Designer.cs,2,67,356
C#,./CosdocToNet/CosDocOcx/websak/DOK_Gradering.Designer.cs,18,49,355
C#,./CosdocToNet/CosDocOcx/omsorg_adm/SGid_Identitet.Designer.cs,2,67,354
C#,./CosdocToNet/CosDocOcx/omsorg_adm/SGpo_Post.cs,58,22,354
C#,./CosdocToNet/CosDocOcx/omsorg/frmGid_Krit.Designer.cs,10,55,353
C#,./CosdocToNet/Komponenter/CosDocXml2/XmlWrappingWriter.cs,50,1,352
C#,./CosdocToNet/CosDocOcx/websak/DOK_RefIUtv.cs,45,11,349
C#,./CosdocToNet/CosDocOcx/omsorg/frmDiagnoseMapping.cs,71,11,347
C#,./CosdocToNet/CosDocOcx/omsorg_pasregn/frmPA_Ny.Designer.cs,1,64,347
C#,./CosdocToNet/CosDocOcx/omsorg_pasregn/PA_Rapporter.cs,34,56,345
C#,./CosdocToNet/CosDocOcx/websak/SAK_Utlaan.Designer.cs,18,49,345
C#,./CosdocToNet/CosDocOcx/websak/UTV_UtvSsa.Designer.cs,5,64,345
C#,./CosdocToNet/CosDocOcx/Hovedskjermbilder/ucSak.Designer.cs,4,67,342
MSBuild script,./CosdocToNet/Komponenter/AcosCSAdresseCtl/ho/AcosAdresseCtl.csproj,0,7,340
C#,./CosdocToNet/CosDocOcx/websak/DOK_Utlaan.Designer.cs,18,49,338
C#,./CosdocToNet/CosDocOcx/omsorg_arbplan/frmPad_Krit2.Designer.cs,21,55,337
C#,./CosdocToNet/CosDocOcx/omsorg_lonn/OLGrid.cs,45,12,337
C#,./CosdocToNet/CosDocOcx/omsorg/ucVenteliste.Designer.cs,24,46,337
C#,./CosdocToNet/Komponenter/AcosCSLib/ho/Kodeverk/Jjt_JourType.cs,49,1,334
C#,./CosdocToNet/CosDocOcx/omsorg_adm/SPre_Ressurs.Designer.cs,3,58,334
C#,./CosdocToNet/CosDocOcx/felles/WS_Global.cs,38,54,334
MSBuild script,./CosdocToNet/Komponenter/AcosCSFrms/Ho/AcosCSFrm.csproj,0,7,330
C#,./CosdocToNet/Komponenter/AcosCSLib/ho/Div/CSHA256.cs,51,238,328
C#,./CosdocToNet/CosDocOcx/omsorg_mld/Mdp_DialogPerson.Designer.cs,8,55,327
C#,./CosdocToNet/CosDocOcx/omsorg_fakt/Gbr_Avdeling.Designer.cs,4,55,327
C#,./AcosDataconn.Winforms/frmLogon2.cs,57,37,326
C#,./CosdocToNet/CosDocOcx/omsorg_jour/frmPValgListe.cs,49,18,324
C#,./CosdocToNet/Komponenter/AcosCSDynCtl/Ho/Controls/Container.cs,156,43,322
C#,./CosdocToNet/CosDocOcx/omsorg_websak/Dok_AMGruppe.Designer.cs,8,55,317
C#,./CosdocToNet/Komponenter/AcosCSLib/ho/Kodeverk/KoderHelper.cs,29,1,315
C#,./CosdocToNet/CosDocOcx/omsorg_mld/frmJsd_SendtDokument.Designer.cs,3,58,315
C#,./CosdocToNet/CosDocOcx/omsorg/frmPOrgEnhet2.Designer.cs,24,43,313
C#,./CosdocToNet/Komponenter/AcosCSLib/ho/Div/vsGridOption.cs,58,22,308
C#,./CosdocToNet/CosDocOcx/omsorg_adm/SPd1_Dignose.cs,45,14,306
C#,./CosdocToNet/CosDocOcx/websak/DOK_Avskriv.cs,42,10,302
C#,./CosdocToNet/CosDocOcx/omsorg_jour/frmLgl_Forskrivning.Designer.cs,3,55,302
C#,./CosdocToNet/Komponenter/AcosCSDynCtl/Ho/ucDynamic.cs,91,76,301
C#,./CosdocToNet/CosDocOcx/websak/UTV_UtvSsa.cs,31,36,301
C#,./CosdocToNet/CosDocOcx/felles/MessageClient.cs,69,36,301
C#,./CosdocToNet/Komponenter/AcosCSCtrls/Ho/Kodeverk/ucKodOversikt.cs,72,20,300
C#,./CosdocToNet/CosDocOcx/felles/frmWebExplore.cs,40,31,298
C#,./CosdocToNet/CosDocOcx/omsorg/frmJk1_Alias.cs,32,22,298
C#,./CosdocToNet/CosDocOcx/omsorg/Hjelpemidler.cs,68,0,298
C#,./CosdocToNet/CosDocOcx/omsorg_adm/SGkl_Klient.cs,44,11,297
C#,./CosdocToNet/CosDocOcx/websak/DIV_Kriterier0.Designer.cs,31,37,297
C#,./CosdocToNet/CosDocOcx/websak/SAK_Utlaan.cs,42,16,293
C#,./CosdocToNet/CosDocOcx/omsorg/Gkl_Registrer.cs,53,6,292
C#,./CosdocToNet/CosDocOcx/omsorg_websak/Gdeb_DefverdiBruker.Designer.cs,15,43,291
C#,./CosdocToNet/CosDocOcx/omsorg_mld/frmRMxo_XmlMottaker.Designer.cs,6,53,290
C#,./CosdocToNet/CosDocOcx/felles/frmPrePrint.Designer.cs,4,46,290
C#,./CosdocToNet/CosDocOcx/omsorg_pasregn/frmPA_Mottaker.Designer.cs,7,49,289
C#,./CosdocToNet/CosDocOcx/felles/rKte_Trer.Designer.cs,4,58,289
C#,./CosdocToNet/CosDocOcx/omsorg_websak/Dok_AMGruppe.cs,44,12,288
C#,./CosdocToNet/CosDocOcx/websak/DIV_Postjournal.cs,39,11,288
C#,./CosdocToNet/Komponenter/AcosCSLib/ho/Div/Tooltip.cs,59,67,288
C#,./CosdocToNet/Komponenter/AcosCSFrms/Ho/Pleieplan/frmPlanLag.cs,46,2,285
C#,./CosdocToNet/CosDocOcx/omsorg_jour/Kva_VareReg.Designer.cs,2,55,285
C#,./CosdocToNet/CosDocOcx/omsorg_adm/SGkl_Klient.Designer.cs,2,52,285
C#,./CosdocToNet/CosDocOcx/websak/DOK_Gradering.cs,33,7,285
C#,./CosdocToNet/CosDocOcx/omsorg/frmPti_Enkel.Designer.cs,3,52,284
C#,./CosdocToNet/CosDocOcx/Web References/CosDocInfotorg/Reference.cs,66,50,284
C#,./CosdocToNet/CosDocOcx/omsorg_mld/frmRmxa_AmlAvtale.Designer.cs,9,43,282
C#,./CosdocToNet/CosDocOcx/Web References/CosDocNHNNlk/Reference.cs,66,50,280
C#,./CosdocToNet/CosDocOcx/websak/DOK_Utlaan.cs,42,15,279
C#,./CosdocToNet/CosDocOcx/omsorg_fakt/Gra_Velg1.cs,35,12,276
C#,./CosdocToNet/CosDocOcx/omsorg_adm/SGpo_Post.Designer.cs,8,46,275
C#,./CosdocToNet/Komponenter/AcosCSDynCtl/Ho/Controls/DynamicControl.cs,123,1,275
C#,./CosdocToNet/Komponenter/AcosCSFrms/Ho/PassordAdmin/sikkerhet.cs,56,7,274
C#,./CosdocToNet/CosDocOcx/websak/SAK_Arkivkode.Designer.cs,4,46,273
C#,./CosdocToNet/CosDocOcx/omsorg_jour/frmPgt_Krit.cs,41,25,271
C#,./CosdocToNet/CosDocOcx/omsorg/frmPtj_XX.cs,38,24,271
C#,./CosdocToNet/Komponenter/Servicekall2/CosDocBruker.cs,16,14,267
C#,./CosdocToNet/Komponenter/AcosCSLib/ho/Session/Session.cs,73,3,267
C#,./CosdocToNet/Komponenter/AcosCSLib/ho/Adresse/Aakd_AdresseKoblingDefault.cs,88,98,265
C#,./CosdocToNet/CosDocOcx/omsorg_lonn/OLGrid.Designer.cs,5,49,264
C#,./CosdocToNet/CosDocOcx/omsorg_mld/Mla_Overta.Designer.cs,9,49,263
C#,./CosdocToNet/CosDocOcx/omsorg_mld/TabellKlasser/KontrollBinding.cs,20,3,262
C#,./CosdocToNet/Komponenter/AcosCSCtrls/Ho/Kodeverk/frmKoder.cs,60,2,262
C#,./CosdocToNet/CosDocOcx/omsorg/frmDIV_Svarboks.cs,20,10,258
C#,./CosdocToNet/CosDocOcx/omsorg/frmKritDoed.cs,27,9,256
C#,./CosdocToNet/CosDocOcx/omsorg/frmPvf_VelgVedtak.cs,44,101,256
C#,./CosdocToNet/CosDocOcx/omsorg_lonn/frmGbr_Sting.cs,25,10,255
C#,./CosdocToNet/CosDocOcx/omsorg_lonn/frmGbr_GruppeKart.Designer.cs,2,40,254
C#,./CosdocToNet/CosDocOcx/omsorg_mld/TabellKlasser/SelectParam.cs,21,6,252
C#,./CosdocToNet/CosDocOcx/omsorg/frmPOrgEnhet2.cs,31,13,251
C#,./CosdocToNet/CosDocOcx/omsorg/frmJjt_Velg.cs,27,20,251
C#,./CosdocToNet/CosDocOcx/Hovedskjermbilder/ucApp.cs,48,3,248
C#,./CosdocToNet/CosDocOcx/omsorg/frmGkl_Soek.Designer.cs,4,34,246
C#,./CosdocToNet/CosDocOcx/felles/Kodeverk/frmRKod_Kode.Designer.cs,4,40,246
C#,./CosdocToNet/CosDocOcx/websak/DOK_Avskriv.Designer.cs,13,37,246
C#,./AcosDataconn.Winforms/frmLogon2.Designer.cs,4,37,245
C#,./CosdocToNet/CosDocOcx/felles/frmPrePrint.cs,25,23,245
C#,./CosdocToNet/CosDocOcx/omsorg/frmPtj_XX.Designer.cs,10,37,245
C#,./CosdocToNet/CosDocOcx/websak/DOK_RefIUtv.Designer.cs,15,37,242
C#,./CosdocToNet/CosDocOcx/websak/DOK_VelgMal.cs,19,18,241
C#,./CosdocToNet/CosDocOcx/felles/Kodeverk/Meny_Kodeverk.cs,66,65,240
C#,./CosdocToNet/CosDocOcx/omsorg/frmDato_Krit.cs,39,18,239
C#,./CosdocToNet/Komponenter/AcosCSLib/ho/Kodeverk/Ptt_TjenesteType.cs,37,0,238
C#,./CosdocToNet/Komponenter/AcosCSAdresseCtl/ho/frmAdrHistorikk.cs,43,10,235
C#,./CosdocToNet/Komponenter/AcosCSLib/ho/Kodeverk/Gpo_Post.cs,41,1,235
C#,./CosdocToNet/Komponenter/AcosCSLib/ho/Kodeverk/Jrt_RegType.cs,40,0,234
C#,./CosdocToNet/CosDocOcx/omsorg_jour/frmPd2_Diagnose.Designer.cs,2,46,233
MSBuild script,./Acos.Levekaar.CosDoc.Schema.Forms/AcosCSCtrlsDialogTests.csproj,0,7,233
C#,./CosdocToNet/CosDocOcx/omsorg/frmPOrgEnhet3.Designer.cs,17,34,233
C#,./CosdocToNet/CosDocOcx/omsorg_fakt/Fakt_Filliste.Designer.cs,10,37,232
C#,./CosdocToNet/Komponenter/AcosCSLib/ho/Div/vsGridUser.cs,50,5,231
C#,./CosdocToNet/CosDocOcx/omsorg/frmPtp_TurnKrit.Designer.cs,17,31,230
NAnt script,./Tools/default.build,24,22,230
C#,./CosdocToNet/CosDocOcx/omsorg_adm/frmLogonApplikasjon.Designer.cs,2,43,229
C#,./CosdocToNet/Exe/CosDoc.Designer.cs,5,48,228
C#,./CosdocToNet/CosDocOcx/omsorg_jour/clsJourReg.cs,73,1,227
C#,./CosdocToNet/Komponenter/AcosCSLib/ho/Design/Design.cs,38,7,225
C#,./CosdocToNet/Komponenter/AcosCSLib/ho/Design/frmPalette.Designer.cs,3,49,225
C#,./CosdocToNet/CosDocOcx/websak/DIV_About.Designer.cs,3,37,224
C#,./CosdocToNet/CosDocOcx/omsorg/frmPalette.Designer.cs,3,46,223
C#,./CosdocToNet/CosDocOcx/felles/frmWebExplore.Designer.cs,4,34,222
C#,./CosdocToNet/Komponenter/AcosCSLib/ho/Kodeverk/Sbr_Bruker.cs,41,0,222
C#,./CosdocToNet/Komponenter/AcosCSLib/ho/Kodeverk/Kod_Kodeverk.cs,57,2,222
C#,./CosdocToNet/CosDocOcx/omsorg/frmDato_Krit.Designer.cs,10,37,221
C#,./CosdocToNet/CosDocOcx/omsorg/Gkl_Registrer.Designer.cs,8,37,220
C#,./CosdocToNet/Komponenter/AcosCSLib/ho/Kodeverk/Pfo_Fork.cs,34,1,220
C#,./CosdocToNet/CosDocOcx/omsorg_jour/frmJrt_Enkel.Designer.cs,2,40,220
C#,./CosdocToNet/Komponenter/AcosCSLib/ho/Kodeverk/Ggr_Gruppe.cs,33,0,219
C#,./CosdocToNet/CosDocOcx/omsorg_jour/frmNLK.Designer.cs,8,53,218
C#,./CosdocToNet/Komponenter/AcosCSLib/ho/Div/cALTCombination.cs,100,22,218
C#,./CosdocToNet/CosDocOcx/omsorg/frmPOrgEnhet3.cs,29,9,218
C#,./CosdocToNet/Komponenter/AcosCSLib/ho/Kodeverk/Ptjh_Tjeneste.cs,90,32,217
C#,./CosdocToNet/Komponenter/AcosCSCtrls/Ho/Date/DIV_AcosKalender.Designer.cs,2,40,217
C#,./CosdocToNet/CosDocOcx/omsorg_jour/frmLmr_LMRegler.Designer.cs,15,34,216
C#,./CosdocToNet/Komponenter/AcosCSFrms/Ho/Felles/frmKoder.cs,36,6,216
C#,./CosdocToNet/CosDocOcx/omsorg_fakt/frmOkonomi.Designer.cs,4,46,216
C#,./CosdocToNet/CosDocOcx/omsorg/frmPtj_Krit6.Designer.cs,4,37,215
C#,./CosdocToNet/Komponenter/AcosCSCtrls/Ho/Kodeverk/frmRKod_Kode.Designer.cs,3,40,214
C#,./CosdocToNet/CosDocOcx/omsorg/frmKritDoed.Designer.cs,4,34,213
C#,./CosdocToNet/Komponenter/AcosCSLib/ho/Kodeverk/Soa_Avdeling.cs,21,0,213
C#,./CosdocToNet/CosDocOcx/felles/DIV_DokTilBase.Designer.cs,4,37,213
CSS,./CosdocToNet/Komponenter/AcosCSLib/ho/_UpgradeReport_Files/UpgradeReport.css,0,0,211
C#,./CosdocToNet/CosDocOcx/omsorg_arbplan/ucPad_AktDat.Designer.cs,5,43,211
C#,./CosdocToNet/CosDocOcx/omsorg_arbplan/WS_OATypeDef.cs,12,0,211
C#,./CosdocToNet/CosDocOcx/omsorg_arbplan/frmPvd_Liste.Designer.cs,8,37,210
MSBuild script,./CosdocToNet/Komponenter/AcosCSDynCtl/Ho/AcosCSDynCtls.csproj,0,7,210
C#,./CosdocToNet/Komponenter/AcosCSLib/ho/Adresse/Aadr_Adresse.cs,20,2,209
C#,./CosdocToNet/CosDocOcx/omsorg_adm/SPd1_Dignose.Designer.cs,2,40,207
C#,./CosdocToNet/Felles/Lib/ho/current/frmPalette.Designer.cs,1,49,206
C#,./CosdocToNet/Komponenter/AcosCSCtrls/Ho/Menu/ucMenu.Designer.cs,7,25,206
C#,./CosdocToNet/CosDocOcx/websak/SAK_Tilgang.Designer.cs,9,31,205
C#,./CosdocToNet/Komponenter/AcosCSLib/ho/Kodeverk/Ggk_Grunnkrets.cs,48,1,204
C#,./CosdocToNet/CosDocOcx/omsorg_jour/frmEps_Revisjon.Designer.cs,2,34,203
C#,./CosdocToNet/CosDocOcx/websak/DIV_About.cs,32,35,203
C#,./CosdocToNet/CosDocOcx/omsorg/frmTlf.Designer.cs,4,34,202
C#,./CosdocToNet/CosDocOcx/omsorg/frmDato.cs,22,23,202
C#,./CosdocToNet/CosDocOcx/omsorg_mld/Mla_Overta.cs,27,5,201
C#,./CosdocToNet/CosDocOcx/omsorg/frmDokRefIJour.cs,26,37,201
C#,./CosdocToNet/CosDocOcx/omsorg_jour/frmEps_Linker.Designer.cs,2,34,201
C#,./CosdocToNet/Komponenter/AcosCSLib/ho/Adresse/AdresserStandard.cs,38,8,200
C#,./CosdocToNet/Komponenter/AcosCSLib/ho/Kodeverk/JourSkjema.cs,66,7,200
C#,./CosdocToNet/Komponenter/AcosCSLib/ho/Menu/SimpleMenu.cs,36,1,198
C#,./CosdocToNet/CosDocOcx/omsorg_adm/frmLogonApplikasjon.cs,36,9,197
C#,./CosdocToNet/CosDocOcx/omsorg_lonn/LogOnAnsettelse.cs,23,8,196
C#,./CosdocToNet/Komponenter/AcosCSLib/ho/Div/Gavd_Hovedavd.cs,43,35,196
C#,./CosdocToNet/CosDocOcx/omsorg/frmPtj_VelgTjen.Designer.cs,3,34,195
C#,./CosdocToNet/Komponenter/AcosCSCtrls/Ho/Kodeverk/frmKoder.Designer.cs,4,31,195
C#,./CosdocToNet/CosDocOcx/Web References/CosDocTurnus/Reference.cs,44,36,194
C#,./CosdocToNet/CosDocOcx/omsorg_arbplan/frmPaf_Kopier.cs,34,10,194
C#,./CosdocToNet/CosDocOcx/websak/DIV_Kriterier0.cs,27,10,193
C#,./CosdocToNet/CosDocOcx/omsorg/frmPOrgEnhet.cs,26,11,193
C#,./CosdocToNet/CosDocOcx/websak/SAK_Obs.Designer.cs,3,28,192
C#,./CosdocToNet/CosDocOcx/omsorg_fakt/frmOFBrevUtvalg.cs,36,5,191
C#,./CosdocToNet/CosDocOcx/omsorg_jour/frmPValgListe.Designer.cs,2,37,190
C#,./CosdocToNet/Komponenter/AcosCSLib/ho/Div/CsvFileIO.cs,25,118,187
C#,./CosdocToNet/Komponenter/AcosCSLib/ho/Session/KlientVar.cs,40,3,187
C#,./CosdocToNet/CosDocOcx/omsorg_arbplan/frmPaf_FordelTjen.Designer.cs,7,31,187
XSD,./CosDocAdresseRepository/Service References/CosDocAdressesServiceReference/AdressesService2.xsd,0,0,186
C#,./CosdocToNet/CosDocOcx/omsorg_res/modRessurs.cs,18,46,185
C#,./CosdocToNet/CosDocOcx/omsorg_lonn/frmSting.cs,20,13,184
C#,./CosdocToNet/CosDocOcx/websak/DIV_FinnPostnr.cs,22,7,184
C#,./CosdocToNet/Komponenter/AcosCSLib/ho/Kodeverk/Kks_Skjema.cs,60,6,184
C#,./CosdocToNet/CosDocOcx/omsorg/frmPtp_TurnKrit.cs,21,19,184
C#,./CosdocToNet/Komponenter/AcosCSFrms/Ho/Pleieplan/PleiePlan.cs,41,0,184
C#,./CosdocToNet/Komponenter/Servicekall2/EMParameter.cs,11,20,183
C#,./CosdocToNet/CosDocOcx/omsorg_lonn/frmGbr_Sting.Designer.cs,2,31,183
C#,./CosdocToNet/CosDocOcx/omsorg_pasregn/KL_DivAnvis.Designer.cs,2,34,182
C#,./CosdocToNet/CosDocOcx/omsorg/frmPst_Iverksett.Designer.cs,4,34,182
C#,./CosdocToNet/CosDocOcx/omsorg_mld/frmRMxo_XmlMottaker.cs,30,4,182
C#,./CosdocToNet/Komponenter/AcosCSLib/ho/Adresse/Aadk_AdresseKobling.cs,52,22,182
C#,./CosdocToNet/CosDocOcx/felles/EksternProsess.cs,27,2,181
C#,./CosdocToNet/Komponenter/AcosCSLib/ho/Div/TooltipMod.cs,48,119,181
C#,./CosdocToNet/CosDocOcx/Kurver/KurvServiceRepository.cs,40,1,180
C#,./CosdocToNet/CosDocOcx/omsorg/frmDIV_Dok.Designer.cs,2,34,180
C#,./CosdocToNet/Komponenter/AcosCSFrms/Ho/Felles/frmKoder.Designer.cs,4,34,179
C#,./CosdocToNet/Komponenter/AcosCSLib/ho/Kodeverk/skjema.cs,49,21,177
C#,./CosdocToNet/Komponenter/AcosCSDynCtl/Ho/Controls/SkjemaSimple.cs,67,18,176
C#,./CosdocToNet/CosDocOcx/Lister/ListeServiceRepository.cs,36,1,176
C#,./CosdocToNet/CosDocOcx/omsorg_fakt/frmGbr_Velg.Designer.cs,2,28,175
C#,./CosdocToNet/Komponenter/AcosCSLib/ho/Kodeverk/Gap_Applikasjon.cs,27,0,175
C#,./CosdocToNet/CosDocOcx/websak/DOK_AMSeksjon.Designer.cs,3,28,174
C#,./CosdocToNet/Komponenter/AcosCSAdresseCtl/ho/frmAdrSoek.cs,26,4,174
C#,./CosdocToNet/CosDocOcx/omsorg_arbplan/frmNyansettelse.cs,37,17,172
C#,./CosdocToNet/CosDocOcx/omsorg/frmDSFLagre.Designer.cs,9,25,172
C#,./CosdocToNet/Komponenter/AcosCSLib/ho/Adresse/Identitet.cs,40,1,171
C#,./CosdocToNet/Komponenter/AcosCSLib/ho/Kodeverk/Iri_Identitet.cs,38,1,169
C#,./CosdocToNet/CosDocOcx/felles/rKte_Trer.cs,22,4,169
C#,./CosdocToNet/CosDocOcx/felles/DatoTid.cs,34,4,169
C#,./CosdocToNet/Komponenter/AcosCSLib/ho/Kodeverk/Jpk_PleieplanKoblinger.cs,47,14,168
C#,./CosdocToNet/CosDocOcx/omsorg/frmDIV_Text.cs,18,6,168
C#,./CosdocToNet/Komponenter/AcosCSCtrls/Ho/Textbox/BigText.Designer.cs,11,20,167
C#,./CosdocToNet/Komponenter/AcosCSLib/ho/Kodeverk/Jrs_RegTypeSub.cs,36,1,166
C#,./CosdocToNet/Komponenter/AcosCSLib/ho/Div/vsGridUserForm.cs,36,0,166
C#,./CosdocToNet/CosDocOcx/websak/DIV_LogOnEndrePassord.Designer.cs,6,44,165
C#,./CosdocToNet/Komponenter/AcosCSLib/ho/Div/vsParameter.cs,55,8,165
C#,./CosdocToNet/CosDocOcx/felles/delt/ucTextFilter.cs,25,5,164
MSBuild script,./AcosDataconnIntegrationTests/AcosDataconnIntegrationTests.csproj,0,7,164
C#,./CosdocToNet/CosDocOcx/omsorg_jour/frmLsd_SepDosering.cs,19,9,164
C#,./CosdocToNet/CosDocOcx/omsorg_mld/NHNAdresse.cs,39,3,164
C#,./CosdocToNet/Komponenter/AcosCSFrms/Ho/Pleieplan/frmPlanLag.Designer.cs,3,37,163
C#,./CosdocToNet/CosDocOcx/omsorg_pasregn/frmPA_Attester.Designer.cs,1,35,163
C#,./CosdocToNet/Komponenter/AcosCSLib/ho/Kodeverk/Gdi_Distrikt.cs,34,0,162
F# Script,./build.fsx,33,10,162
C#,./CosdocToNet/Komponenter/AcosCSLib/ho/Kodeverk/Kkv_Kodeverk.cs,78,92,162
C#,./CosdocToNet/Komponenter/AcosCSLib/ho/ArbPlan/VaktKoder.cs,28,0,161
C#,./CosdocToNet/CosDocOcx/omsorg_lonn/frmSting.Designer.cs,2,28,161
C#,./CosdocToNet/CosDocOcx/felles/modErr.cs,25,1,160
C#,./CosdocToNet/Exe/form.Designer.cs,2,37,160
C#,./CosdocToNet/CosDocOcx/omsorg/frmPrb_Vurder.Designer.cs,2,28,160
C#,./CosdocToNet/Felles/Lib/ho/current/Delt/vsFilter.cs,39,1,160
C#,./CosdocToNet/Komponenter/AcosCSFrms/Ho/PassordAdmin/frmPassord.cs,26,0,159
C#,./CosdocToNet/Komponenter/AcosCSDynCtl/Ho/ControlExtender/ControlExtenders.cs,37,7,159
C#,./CosdocToNet/CosDocOcx/felles/Kodeverk/Meny_Kodeverk.Designer.cs,4,25,159
C#,./Acos.Levekaar.CosDoc.Schema.Forms/FlexGrid/TestScreen.Designer.cs,8,47,159
C#,./CosdocToNet/CosDocOcx/Hovedskjermbilder/Helpers/ArbeidsplanRecurringActivitiesHelper.cs,18,2,158
C#,./CosdocToNet/CosDocOcx/omsorg_pasregn/PAt_Trans.cs,9,2,157
C#,./CosdocToNet/Komponenter/Servicekall2/WebSakIni.cs,12,0,157
C#,./CosdocToNet/Komponenter/AcosCSLib/ho/Kodeverk/GrElementer.cs,20,13,156
C#,./CosdocToNet/CosDocOcx/websak/UTV_VP.Designer.cs,4,25,155
MSBuild script,./KodeverkIntegrasjonstest/KodeverkIntegrasjonstest.csproj,0,7,155
MSBuild script,./CosDocAdresseRepository/CosDocAdresseRepository.csproj,0,8,154
C#,./CosdocToNet/CosDocOcx/omsorg/frmPOrgEnhet.Designer.cs,11,25,154
C#,./CosdocToNet/Felles/Lib/ho/clsTabManager.cs,31,110,154
C#,./CosdocToNet/Komponenter/AcosCSLib/ho/Kodeverk/Ppk_proeveKode.cs,24,0,154
C#,./CosdocToNet/Komponenter/AcosCSAdresseCtl/ho/AcosAdresseCtl.Designer.cs,4,44,153
C#,./CosdocToNet/CosDocOcx/omsorg_jour/frmJou_Opne.Designer.cs,2,28,153
C#,./CosdocToNet/Komponenter/AcosCSLib/ho/Kodeverk/Gid_Identitet.cs,7,0,152
C#,./CosdocToNet/Komponenter/AcosCSLib/ho/Kodeverk/Kkf_FinnLinker.cs,41,26,152
C#,./CosdocToNet/Komponenter/AcosCSAdresseCtl/ho/frmAdrHistorikk.Designer.cs,3,25,151
C#,./CosdocToNet/CosDocOcx/omsorg_pasregn/frmPA_Attester.cs,27,26,150
C#,./CosdocToNet/CosDocOcx/websak/SAK_Obs.cs,18,4,150
C#,./CosdocToNet/CosDocOcx/omsorg/frmTlf.cs,21,3,150
C#,./CosdocToNet/Komponenter/AcosCSLib/ho/Kodeverk/Kkg_KodeGruppe.cs,30,1,150
C#,./CosdocToNet/Felles/Lib/ho/current/clsTabManager.cs,29,103,149
C#,./CosdocToNet/Komponenter/AcosCSLib/ho/Kodeverk/Kkg_KodeGrupper.cs,50,7,148
C#,./CosdocToNet/CosDocOcx/felles/frmVranglas.Designer.cs,5,19,147
C#,./CosdocToNet/CosDocOcx/omsorg/WS_OOOppgradering.cs,32,40,147
C#,./CosdocToNet/CosDocOcx/websak/DIV_Fordelingsliste.Designer.cs,9,25,147
C#,./CosdocToNet/CosDocOcx/Properties/Resources.Designer.cs,27,80,146
C#,./CosdocToNet/Komponenter/AcosCSLib/ho/Div/vsParameters.cs,29,14,146
C#,./CosdocToNet/CosDocOcx/omsorg/frmPpa_PauseInfo.Designer.cs,5,22,145
C#,./CosdocToNet/Komponenter/Servicekall2/TurnusIntegrasjon.cs,18,1,145
C#,./CosdocToNet/CosDocOcx/omsorg_mld/CSRetur.Designer.cs,3,25,145
C#,./CosdocToNet/Komponenter/AcosCSAdresseCtl/ho/frmAdrSoek.Designer.cs,3,28,145
C#,./CosdocToNet/Komponenter/AcosCSFrms/Ho/PassordAdmin/frmPassord.Designer.cs,3,25,144
C#,./CosdocToNet/CosDocOcx/felles/frmSecurity.cs,18,8,144
C#,./CosdocToNet/Komponenter/AcosCSLib/ho/Div/vsGridHode.cs,20,4,144
C#,./CosdocToNet/CosDocOcx/omsorg/frmDIV_Svarboks.Designer.cs,4,22,144
C#,./CosdocToNet/CosDocOcx/omsorg/frmJjt_Velg.Designer.cs,9,25,143
C#,./CosdocToNet/CosDocOcx/omsorg_jour/frmJre_JourReg.cs,28,9,143
C#,./CosdocToNet/Komponenter/AcosCSLib/ho/Kodeverk/Kkt_LinketType.cs,51,0,143
C#,./CosdocToNet/Komponenter/AcosCSLib/ho/MirrorControls/MirrTxtControls.cs,20,4,142
C#,./CosdocToNet/Komponenter/AcosCSDynCtl/Ho/Controls/CtrlCols.cs,65,6,141
C#,./CosdocToNet/CosDocOcx/felles/frmDatoKl.cs,20,1,140
C#,./CosdocToNet/CosDocOcx/omsorg/frmPvf_VelgVedtak.Designer.cs,4,25,140
C#,./CosdocToNet/Komponenter/AcosCSLib/ho/Kodeverk/Kkt_LinketTyper.cs,55,52,140
C#,./CosdocToNet/CosDocOcx/felles/frmDiv_MessageBox.Designer.cs,3,19,140
C#,./CosdocToNet/CosDocOcx/felles/frmVelgSkriver.Designer.cs,3,22,140
C#,./CosdocToNet/CosDocOcx/felles/KalenderAar.Designer.cs,4,19,140
C#,./CosdocToNet/CosDocOcx/omsorg/frmKritLignOppl.Designer.cs,8,19,138
C#,./CosdocToNet/Komponenter/AcosCSLib/ho/Session/System.cs,29,19,138
C#,./CosdocToNet/CosDocOcx/omsorg_mld/TabellKlasser/SelectBase.cs,30,21,138
C#,./CosdocToNet/Komponenter/AcosCSLib/ho/Adresse/Adresser.cs,30,10,137
C#,./CosdocToNet/CosDocOcx/felles/delt/vsFilter.cs,25,0,136
C#,./CosdocToNet/CosDocOcx/omsorg_arbplan/frmNyansettelse.Designer.cs,2,25,136
C#,./CosdocToNet/CosDocOcx/felles/frmVelgSkriver.cs,17,2,135
C#,./CosdocToNet/Komponenter/AcosCSCtrls/Ho/Kodeverk/ucKodOversikt.Designer.cs,4,25,135
C#,./CosdocToNet/Komponenter/AcosCSLib/ho/Sak/TjenestebrukerSaker.cs,57,14,135
C#,./CosdocToNet/Komponenter/AcosCSLib/ho/Interaksjoner/RESTServiceReader.cs,27,2,135
C#,./CosdocToNet/CosDocOcx/omsorg_lonn/LogOnAnsettelse.Designer.cs,3,22,135
C#,./CosdocToNet/CosDocOcx/omsorg_mld/frmJsd_SendtDokument.cs,22,7,135
C#,./CosdocToNet/Komponenter/AcosCSLib/ho/Kodeverk/LinketKodeverk.cs,39,12,134
WiX source,./Tools/WiX/Product.NGen.wxs,16,0,134
C#,./CosdocToNet/Komponenter/AcosCSLib/ho/Div/vsGridOptions.cs,30,0,134
C#,./CosdocToNet/Komponenter/AcosCSLib/ho/Sak/SasGklConst.cs,60,0,134
WiX source,./Tools/WiX/Product.wxs,16,0,134
C#,./CosdocToNet/CosDocOcx/websak/SAK_Presedens.Designer.cs,3,19,133
C#,./CosdocToNet/Komponenter/AcosCSLib/ho/Div/SoekType.cs,25,0,133
C#,./CosdocToNet/CosDocOcx/omsorg_mld/Mlf_MldForfalt.Designer.cs,10,22,133
C#,./CosdocToNet/CosDocOcx/websak/SOK_Sak.Designer.cs,2,25,132
C#,./CosdocToNet/CosDocOcx/omsorg_fakt/frmOFBrevUtvalg.Designer.cs,4,19,132
C#,./CosdocToNet/CosDocOcx/felles/ucDokumenter.Designer.cs,4,25,132
C#,./CosdocToNet/Komponenter/AcosCSLib/ho/MirrorControls/MirrCboControls.cs,20,17,131
C#,./CosdocToNet/CosDocOcx/omsorg/frmKritLignOppl.cs,21,3,131
C#,./CosdocToNet/CosDocOcx/websak/SAK_Tillegg.Designer.cs,3,19,131
C#,./CosdocToNet/Komponenter/AcosCSLib/ho/Div/AppComm.cs,41,7,130
C#,./CosdocToNet/CosDocOcx/omsorg/frmDivGridValg.Designer.cs,3,22,129
C#,./CosdocToNet/CosDocOcx/felles/frmVranglas.cs,21,21,128
C#,./CosdocToNet/Komponenter/AcosCSLib/ho/Kodeverk/Kodelinjer.cs,46,21,127
C#,./CosdocToNet/CosDocOcx/omsorg_fakt/Gra_Velg1.Designer.cs,4,22,127
C#,./CosdocToNet/CosDocOcx/omsorg_fakt/Fakt_Filliste.cs,19,7,127
C#,./CosdocToNet/CosDocOcx/websak/DOK_AvskrivFlere.Designer.cs,4,28,126
C#,./CosdocToNet/Komponenter/AcosCSDynCtl/Ho/Controls/JourSchemaControl.cs,29,12,126
C#,./CosDocAdresseRepository/CosDocAdresseRepository.cs,29,0,126
C#,./KodeverkIntegrasjonstest/When_using_kodeverks.cs,23,22,126
C#,./CosdocToNet/Komponenter/AcosCSLib/ho/Likningsopplysning/ErgoLignServiceClient.cs,26,0,125
C#,./CosdocToNet/CosDocOcx/felles/frmDialog.Designer.cs,5,16,124
C#,./CosdocToNet/CosDocOcx/Hovedskjermbilder/Helpers/ArbeidsplanHelper.cs,26,0,124
C#,./CosdocToNet/Komponenter/Servicekall2/ErgoParameter.cs,10,1,124
C#,./CosdocToNet/Komponenter/AcosCSCtrls/Ho/Date/CalendarWithWeeks.cs,27,6,123
C#,./CosdocToNet/Komponenter/AcosCSAdresseCtl/ho/ucAdrKobling.Designer.cs,3,23,121
C#,./CosdocToNet/Komponenter/AcosCSLib/ho/Kodeverk/JournalStructureValuesSql.cs,19,0,120
C#,./CosdocToNet/CosDocOcx/websak/DOK_VelgMal.Designer.cs,4,20,119
C#,./CosdocToNet/Komponenter/AcosCSFrms/Ho/Date/frmDatePick.Designer.cs,3,19,119
C#,./CosdocToNet/CosDocOcx/Hovedskjermbilder/Helpers/ArbeidsplanActivitySqlHelper.cs,28,0,119
C#,./CosdocToNet/CosDocOcx/omsorg_jour/InteraksjonsOversikt.Designer.cs,6,26,118
C#,./CosdocToNet/Komponenter/AcosCSFrms/Ho/Date/frmDatePickInterval.Designer.cs,4,19,118
XSD,./CosDocAdresseRepository/Service References/CosDocAdressesServiceReference/AdressesService.xsd,0,0,118
C#,./CosdocToNet/Komponenter/AcosCSCtrls/Ho/Kodeverk/ucTreDetalj.cs,15,9,117
C#,./CosdocToNet/CosDocOcx/Hovedskjermbilder/Helpers/ListerArbeidsplanHelper.cs,21,11,117
C#,./CosdocToNet/CosDocOcx/felles/frmDatoKl.Designer.cs,3,22,116
C#,./CosdocToNet/CosDocOcx/Config/IoCConfig.cs,32,8,115
C#,./CosdocToNet/Komponenter/AcosCSLib/ho/Kodeverk/Pwh_WhyKode.cs,25,1,115
C#,./CosdocToNet/Komponenter/AcosCSAdresseCtl/ho/AdresseMenu.cs,11,3,115
C#,./CosdocToNet/CosDocOcx/websak/DIV_NrSerie.Designer.cs,3,16,115
C#,./CosdocToNet/CosDocOcx/omsorg_jour/frmLsd_SepDosering.Designer.cs,1,19,115
C#,./CosdocToNet/CosDocOcx/omsorg/frmDato.Designer.cs,2,22,114
C#,./CosdocToNet/CosDocOcx/omsorg_lonn/OLPopup.cs,23,1,113
C#,./CosdocToNet/CosDocOcx/omsorg_jour/InteractionsManager.cs,26,8,113
C#,./CosdocToNet/Komponenter/AcosCSLib/ho/Kodeverk/Ppn_ProeveNorm.cs,18,0,113
C#,./CosdocToNet/CosDocOcx/websak/DIV_FinnPostnr.Designer.cs,5,13,112
C#,./CosdocToNet/CosDocOcx/omsorg_lonn/OLPopup.Designer.cs,1,10,112
C#,./CosdocToNet/Komponenter/AcosCSDynCtl/Ho/Controls/CSContainer.cs,75,10,112
C#,./CosdocToNet/CosDocOcx/websak/DIV_FinnDok.cs,18,2,112
C#,./CosdocToNet/CosDocOcx/felles/frmDiv_MessageBox.cs,25,6,111
C#,./CosdocToNet/CosDocOcx/websak/DIV_Fordelingsliste.cs,18,3,111
C#,./CosdocToNet/CosDocOcx/omsorg_arbplan/frmPaf_FordelTjen.cs,17,3,111
C#,./CosdocToNet/Komponenter/AcosCSLib/ho/MirrorControls/MirrControls.cs,25,19,110
C#,./CosdocToNet/CosDocOcx/omsorg/frmDivGridValg.cs,16,1,109
C#,./CosdocToNet/CosDocOcx/websak/UTV_Merknad.Designer.cs,4,16,109
MSBuild script,./CosdocToNet/Komponenter/CosDocXml2/CosDocXml2.csproj,0,7,109
C#,./CosdocToNet/CosDocOcx/omsorg/frmDIV_Grid.Designer.cs,2,19,108
C#,./CosdocToNet/Komponenter/AcosCSLib/ho/ArbPlan/VaktTypeDefinisjon.cs,24,0,107
C#,./CosdocToNet/Komponenter/AcosCSCtrls/Ho/Menu/ucToolAdmin.Designer.cs,3,25,107
C#,./CosdocToNet/Komponenter/AcosCSCtrls/Ho/Kodeverk/kodeverk.Designer.cs,10,16,106
C#,./CosdocToNet/CosDocOcx/websak/SAK_Tillegg.cs,11,3,106
C#,./CosdocToNet/CosDocOcx/websak/SAK_Presedens.cs,13,3,106
C#,./CosdocToNet/CosDocOcx/felles/frmSecurityMsgBox.Designer.cs,3,16,105
C#,./CosdocToNet/Komponenter/AcosCSLib/ho/Kodeverk/Kkf_FinnLink.cs,30,21,105
C#,./CosdocToNet/CosDocOcx/omsorg/frmDiagnoseMapping.Designer.cs,3,19,105
C#,./CosdocToNet/Komponenter/AcosCSLib/ho/Div/ValidateResult.cs,19,2,105
C#,./CosdocToNet/Komponenter/AcosCSLib/ho/Kodeverk/Sut_Utvalg.cs,24,1,104
C#,./CosdocToNet/Komponenter/AcosCSLib/ho/Kodeverk/SkjemaDefaults.cs,39,19,104
MSBuild script,./CosdocToNet/Komponenter/Servicekall2/Servicekall2.csproj,0,7,104
C#,./CosdocToNet/CosDocOcx/omsorg/frmDSFLagre.cs,15,2,103
C#,./CosdocToNet/CosDocOcx/omsorg_fakt/DatoIntervall.cs,10,1,103
C#,./CosdocToNet/CosDocOcx/omsorg/frmDokRefIJour.Designer.cs,3,19,103
C#,./CosdocToNet/Komponenter/AcosCSLib/ho/Div/CommItem.cs,23,1,102
C#,./CosdocToNet/CosDocOcx/websak/DOK_Tillegg.Designer.cs,1,19,102
C#,./CosdocToNet/CosDocOcx/websak/SAK_Tilgang.cs,16,0,101
C#,./CosdocToNet/CosDocOcx/felles/Kodeverk/frmRKod_Kode.cs,18,2,101
C#,./CosdocToNet/Komponenter/AcosCSLib/ho/Kodeverk/Kge_GrElementer.cs,24,5,101
C#,./CosdocToNet/Exe/CSForm.cs,30,0,100
C#,./CosdocToNet/Komponenter/AcosCSLib/ho/Kodeverk/Jpk_PleieplanKobling.cs,38,1,100
C#,./CosdocToNet/CosDocOcx/omsorg/frmDIV_Text.Designer.cs,3,19,99
MSBuild script,./AcosCSLibUnitTests/AcosCSLibUnitTests.csproj,0,7,99
C#,./CosdocToNet/Komponenter/AcosCSLib/ho/Kodeverk/Gfu_Funksjon.cs,10,0,98
C#,./CosdocToNet/Komponenter/AcosCSLib/ho/Kodeverk/Ppg_ProeveGruppe.cs,16,0,98
C#,./CosdocToNet/CosDocOcx/websak/DIV_LogOnEndrePassord.cs,12,0,97
C#,./CosdocToNet/CosDocOcx/omsorg_arbplan/frmPaf_Kopier.Designer.cs,2,19,97
C#,./CosdocToNet/Komponenter/AcosCSLib/ho/Div/Tools.cs,17,8,97
C#,./Acos.Levekaar.CosDoc.Schema.Forms/Tests/ComboKodeverkTest.Designer.cs,6,26,96
C#,./CosdocToNet/CosDocOcx/omsorg_fakt/frmOkonomi.cs,20,5,96
C#,./CosdocToNet/Komponenter/AcosCSLib/ho/Kodeverk/Sbr_BrukerAlle.cs,8,0,95
C#,./CosdocToNet/Komponenter/AcosCSFrms/Ho/Date/frmDatePickInterval.cs,18,3,95
C#,./CosdocToNet/CosDocOcx/TraceHelper.cs,18,7,95
C#,./CosdocToNet/CosDocOcx/omsorg_mld/TabellKlasser/SqlBase.cs,14,3,95
C#,./CosdocToNet/CosDocOcx/felles/frmSecurity.Designer.cs,4,13,94
C#,./CosdocToNet/CosDocOcx/websak/DOK_AMSeksjon.cs,10,4,94
C#,./CosdocToNet/Komponenter/AcosCSLib/ho/Registries/ServiceBaseAdresseHelper.cs,17,7,94
MSBuild script,./CosdocToNet/Komponenter/Datatyper/Datatyper.csproj,0,7,94
C#,./CosdocToNet/CosDocOcx/scan/modPDFDriver.cs,10,11,93
C#,./CosdocToNet/Komponenter/AcosCSLib/ho/Design/UiSettingsContainer.cs,32,3,93
C#,./CosdocToNet/CosDocOcx/websak/UTV_VP.cs,10,3,93
C#,./CosdocToNet/Komponenter/AcosCSCtrls/Ho/FlexGrid/FlexExtendedCombo.cs,11,1,93
MSBuild script,./CosDocOcxIntegrationTests/CosDocOcxIntegrationTests.csproj,0,7,93
C#,./CosdocToNet/Komponenter/AcosCSCtrls/Ho/OSEAN/ucPage.cs,10,0,93
C#,./CosdocToNet/Komponenter/AcosCSLib/ho/Kodeverk/JourValue.cs,17,2,92
C#,./Acos.Levekaar.CosDoc.Schema.Forms/FlexGrid/SchemaTest.Designer.cs,8,32,92
C#,./CosdocToNet/CosDocOcx/omsorg/modProfil.cs,14,30,92
C#,./CosdocToNet/Komponenter/AcosCSLib/ho/DigiHelse/PasientTjenesteMedDialogClient.cs,14,0,92
C#,./CosdocToNet/Komponenter/AcosCSLib/ho/Session/Ansettelse.cs,9,0,92
C#,./CosdocToNet/Komponenter/AcosCSLib/ho/Kodeverk/Menu.cs,18,0,92
C#,./CosdocToNet/CosDocOcx/omsorg/modDesign.cs,14,1,92
C#,./CosdocToNet/CosDocOcx/websak/DIV_FinnDok.Designer.cs,4,16,91
C#,./CosdocToNet/Komponenter/AcosCSLib/ho/Div/CommItems.cs,31,18,91
C#,./CosdocToNet/Komponenter/AcosCSLib/ho/Kodeverk/Sgr_Gradering.cs,19,1,91
C#,./CosdocToNet/Komponenter/AcosCSDynCtl/Ho/Controls/SchemaControlBasic.Designer.cs,8,26,91
C#,./CosdocToNet/Komponenter/AcosCSLib/ho/Kodeverk/Kkl_KodeLinje.cs,29,4,90
C#,./CosdocToNet/CosDocOcx/felles/DIV_DokTilBase.cs,11,6,90
C#,./CosdocToNet/Komponenter/AcosCSLib/ho/Kodeverk/Sda_DelArkiv.cs,22,1,90
C#,./CosdocToNet/CosDocOcx/Domain/JourRegRepository.cs,17,0,90
C#,./CosdocToNet/Felles/Lib/ho/current/Delt/ucTextFilter.cs,16,2,90
C#,./CosdocToNet/Komponenter/AcosCSFrms/Ho/Date/frmDatePick.cs,14,2,89
PowerShell,./build.ps1,24,18,89
C#,./CosdocToNet/CosDocOcx/felles/frmSecurityMsgBox.cs,13,3,88
C#,./CosdocToNet/Komponenter/AcosCSLib/ho/Div/vsCoordinates.cs,31,37,88
C#,./CosdocToNet/CosDocOcx/websak/DIV_NrSerie.cs,10,4,87
C#,./CosdocToNet/Komponenter/AcosCSCtrls/Ho/Kodeverk/RightMenu.cs,11,8,87
C#,./CosdocToNet/Komponenter/Datatyper/RequestContext.cs,7,11,86
C#,./CosdocToNet/CosDocOcx/omsorg_mld/CSRetur.cs,15,1,85
C#,./CosdocToNet/CosDocOcx/felles/WS_LSTilgang.cs,12,0,85
C#,./CosdocToNet/Komponenter/AcosCSCtrls/Ho/Kodeverk/comboKodeverk.Designer.cs,6,23,85
C#,./CosDocAdresseRepository/CosDocAdresseMapper.cs,13,2,84
C#,./CosdocToNet/Komponenter/AcosCSLib/ho/Kodeverk/Sje_JournalEnhet.cs,18,1,84
C#,./CosdocToNet/Komponenter/AcosCSDynCtl/Ho/Controls/Ctrls.cs,27,16,84
C#,./CosdocToNet/CosDocOcx/felles/delt/vsGridFieldsFilter.cs,31,23,83
C#,./CosdocToNet/CosDocOcx/omsorg/ucArblJourReg.Designer.cs,6,13,83
C#,./CosdocToNet/Komponenter/AcosCSDynCtl/Ho/Controls/CtrlsCol.cs,40,0,82
C#,./CosdocToNet/CosDocOcx/felles/frmDialog.cs,8,5,81
C#,./CosdocToNet/Komponenter/AcosCSLib/ho/CtlDefault/Default.cs,14,4,81
C#,./CosdocToNet/Komponenter/AcosCSLib/ho/Kodeverk/Kode.cs,11,0,81
C#,./CosdocToNet/Komponenter/AcosCSLib/ho/Kodeverk/Kma_KodeMapping.cs,15,0,80
C#,./CosdocToNet/Komponenter/AcosCSDynCtl/Ho/frmSkjema.cs,9,2,80
C#,./CosdocToNet/CosDocOcx/Hovedskjermbilder/ucSakVedtak.Designer.cs,3,23,80
C#,./CosdocToNet/Exe/CSForms.cs,28,0,80
C#,./CosdocToNet/Komponenter/AcosCSCtrls/Ho/Kodeverk/hierarki.Designer.cs,4,19,80
C#,./CosdocToNet/Komponenter/AcosCSLib/ho/Div/KonstMenu.cs,3,1,80
C#,./Acos.Levekaar.CosDoc.Schema.Forms/FlexGrid/Program.cs,21,28,79
C#,./CosdocToNet/CosDocOcx/felles/delt/Filter.cs,20,15,79
C#,./CosdocToNet/Komponenter/AcosCSLib/ho/Kodeverk/SpmKodelinjerAvh.cs,21,1,79
C#,./CosdocToNet/Felles/Lib/ho/current/Delt/vsGridFieldsFilter.cs,31,23,77
C#,./CosdocToNet/CosDocOcx/websak/UTV_Merknad.cs,9,3,77
C#,./CosdocToNet/CosDocOcx/felles/DateParsingHelper.cs,18,8,76
C#,./CosdocToNet/Komponenter/AcosCSDynCtl/Ho/frmSkjema.Designer.cs,4,10,76
C#,./CosdocToNet/Komponenter/AcosCSLib/ho/Kodeverk/Pk4_PpgPpkKobling.cs,14,0,76
C#,./CosdocToNet/Komponenter/AcosCSCtrls/Ho/Tools/ToolTipHelper.cs,15,1,75
C#,./CosdocToNet/Komponenter/AcosCSLib/ho/Likningsopplysning/ErgoLignServiceClientReader.cs,14,2,75
C#,./CosdocToNet/CosDocOcx/websak/DOK_Tillegg.cs,11,1,75
C#,./CosdocToNet/CosDocOcx/omsorg_mld/TabellKlasser/EmParameter.cs,16,81,74
C#,./CosdocToNet/Komponenter/AcosCSLib/ho/Kodeverk/Ppt_ProeveType.cs,13,0,74
C#,./CosdocToNet/Komponenter/AcosCSDynCtl/Ho/Controls/CtrlContainers.cs,30,3,74
C#,./AcosDataconnIntegrationTests/When_using_typed_functions.cs,17,24,73
C#,./CosdocToNet/Komponenter/AcosCSDynCtl/Ho/ucDynamic.Designer.cs,6,11,73
C#,./CosdocToNet/Exe/Settings.cs,10,2,73
C#,./CosdocToNet/Komponenter/AcosCSLib/ho/Div/SafeConvert.cs,12,0,72
C#,./CosdocToNet/Felles/Lib/ho/current/Delt/Filter.cs,19,2,72
C#,./CosdocToNet/CosDocOcx/felles/TabStatus.cs,13,0,72
C#,./CosdocToNet/Komponenter/AcosCSCtrls/Ho/FlexGrid/FlexCodeEditor.cs,18,0,72
C#,./CosdocToNet/CosDocOcx/omsorg_jour/frmJre_JourReg.Designer.cs,2,13,72
C#,./CosdocToNet/Komponenter/AcosCSLib/ho/Kodeverk/Gsy_System.cs,13,0,71
C#,./CosdocToNet/Komponenter/AcosCSLib/ho/Design/UiSettingsHelper.cs,11,0,71
C#,./CosdocToNet/CosDocOcx/omsorg_jour/frmNLK.cs,12,1,70
C#,./CosdocToNet/Komponenter/AcosCSLib/ho/Kodeverk/Kfk_FilterKoder.cs,14,1,70
C#,./CosdocToNet/Komponenter/AcosCSLib/ho/Kodeverk/Tree.cs,12,0,70
C#,./LevekaarSharedUnitTests/UnitTests.cs,4,1,69
C#,./AcosDataconnIntegrationTests/When_using_using.cs,15,18,69
C#,./CosdocToNet/Komponenter/AcosCSCtrls/Ho/Textbox/frmTextbox.Designer.cs,2,13,69
C#,./CosdocToNet/CosDocOcx/Hovedskjermbilder/Helpers/ArbeidsplanGridHelper.cs,7,3,69
C#,./AcosDataconnIntegrationTests/when_update_or_inserts.cs,17,19,68
C#,./CosdocToNet/Komponenter/AcosCSCtrls/Ho/Kodeverk/frmRKod_Kode.cs,14,1,67
WiX source,./Tools/WiX/Product_CustomUI.wxs,28,26,66
C#,./CosdocToNet/Komponenter/Datatyper/Logg.cs,6,6,66
C#,./CosdocToNet/Komponenter/AcosCSDynCtl/Ho/ControlExtender/ControlExtender.cs,19,2,65
C#,./CosdocToNet/Komponenter/AcosCSFrms/Ho/Date/DateInterval.cs,16,0,64
C#,./CosdocToNet/Komponenter/AcosCSCtrls/Ho/Date/ucDateInterval.cs,14,4,64
C#,./CosdocToNet/Felles/Lib/ho/current/modErr.cs,15,0,64
C#,./CosdocToNet/Komponenter/AcosCSLib/ho/Div/vsGridUserForms.cs,17,0,64
C#,./CosdocToNet/Komponenter/Datatyper/Extensions.cs,6,2,64
C#,./CosdocToNet/CosDocOcx/omsorg/ucVelgTjeneste.Designer.cs,5,13,64
C#,./CosdocToNet/CosDocOcx/scan/modConvert.cs,10,2,63
C#,./CosdocToNet/Komponenter/AcosCSDynCtl/Ho/modAcosGUI.cs,15,28,63
C#,./CosdocToNet/Komponenter/AcosCSCtrls/Ho/OSEAN/ucPage.Designer.cs,6,23,63
C#,./CosdocToNet/CosDocOcx/omsorg_mld/frmCosDocService.Designer.cs,2,13,63
C#,./CosdocToNet/Komponenter/AcosCSLib/ho/Kodeverk/Kfr_FilterRegel.cs,14,1,62
C#,./CosdocToNet/CosDocOcx/omsorg_jour/ucDruid.Designer.cs,6,23,62
C#,./CosdocToNet/CosDocOcx/felles/Kodeverk/frmRKkg_Kodegruppe.Designer.cs,3,7,62
C#,./CosdocToNet/Komponenter/AcosCSLib/ho/Kodeverk/Kodeverk.cs,12,0,61
C#,./CosdocToNet/Komponenter/AcosCSLib/ho/Div/ApplicationSettingsManager.cs,9,0,60
C#,./CosdocToNet/Komponenter/AcosCSFrms/Ho/Pleieplan/PleieplanElementer.cs,15,14,60
C#,./CosdocToNet/Komponenter/AcosCSLib/ho/DateTimeExtensions/DateTimeExtensions.cs,9,0,60
C#,./CosdocToNet/CosDocOcx/omsorg_pasregn/KL_DivAnvis.cs,8,14,60
MSBuild script,./LevekaarSharedUnitTests/LevekaarSharedUnitTests.csproj,0,7,59
C#,./Acos.Levekaar.CosDoc.Schema.Forms/Tests/ComboKodeverkTest.cs,19,3,59
C#,./Acos.Levekaar.CosDoc.Schema.Forms/FlexGrid/TestScreen.cs,14,0,58
C#,./CosdocToNet/CosDocOcx/omsorg_mld/TabellKlasser/Kodeverk.cs,12,0,58
PowerShell,./Tools/MoveFiles.ps1,11,0,58
C#,./CosdocToNet/CosDocOcx/Properties/Settings.Designer.cs,10,9,57
C#,./CosdocToNet/Komponenter/AcosCSLib/ho/MirrorControls/MirrCmdControls.cs,13,3,57
C#,./CosdocToNet/Komponenter/AcosCSLib/ho/Kodeverk/Pvg_VaktGruppe.cs,16,0,57
C#,./CosdocToNet/CosDocOcx/omsorg/frmPalette.cs,6,2,57
C#,./CosdocToNet/Komponenter/AcosCSCtrls/Ho/FlexGrid/FlexGridRowColEditors.cs,14,0,57
C#,./CosdocToNet/Komponenter/AcosCSCtrls/Ho/Date/ucDate.Designer.cs,3,13,57
C#,./CosdocToNet/CosDocOcx/felles/Kodeverk/frmRKkg_Kodegruppe.cs,6,2,57
C#,./CosdocToNet/Komponenter/Datatyper/SerializableDictionary.cs,20,0,56
C#,./CosdocToNet/Komponenter/AcosCSLib/ho/Div/FormActions.cs,15,4,54
C#,./CosdocToNet/Komponenter/AcosCSLib/ho/Kodeverk/SkjemaLinje.cs,17,2,54
C#,./CosdocToNet/CosDocOcx/omsorg_mld/frmCosDocService.cs,15,22,53
C#,./CosdocToNet/Komponenter/AcosCSCtrls/Ho/Tools/ZoomContent/ZoomContent.Designer.cs,6,20,52
C#,./CosdocToNet/CosDocOcx/omsorg_arbplan/GridChangeBookKeeper.cs,15,0,52
C#,./CosdocToNet/Komponenter/AcosCSLib/ho/Menu/MenuElement.cs,15,0,52
C#,./CosdocToNet/CosDocOcx/LegacyTraceHelper.cs,12,14,52
C#,./CosdocToNet/Komponenter/AcosCSFrms/Ho/Date/Datepick.cs,12,0,52
C#,./CosdocToNet/Komponenter/AcosCSLib/ho/FormDialogRunner.cs,9,15,52
C#,./CosdocToNet/Komponenter/AcosCSLib/ho/DigiHelse/PasientSamtykkeClient.cs,9,0,52
C#,./CosdocToNet/Komponenter/AcosCSLib/ho/Kodeverk/SkjemaDefault.cs,23,0,51
C#,./CosdocToNet/Komponenter/AcosCSLib/ho/Kodeverk/Kfr_FilterRegler.cs,14,0,51
C#,./CosdocToNet/Felles/Lib/ho/current/Konstanter.cs,34,3,51
C#,./CosdocToNet/Komponenter/AcosCSLib/ho/Session/EmptyRecords.cs,15,0,50
C#,./CosdocToNet/Komponenter/CosDocXml2/CosDocClientMessageInspector.cs,9,3,49
C#,./CosdocToNet/Komponenter/AcosCSCtrls/Ho/Kodeverk/ucTreDetalj.Designer.cs,4,10,49
C#,./CosdocToNet/Komponenter/AcosCSCtrls/Ho/Textbox/frmTextbox.cs,14,1,49
C#,./CosdocToNet/Komponenter/AcosCSCtrls/Ho/Date/ucDateInterval.Designer.cs,2,16,49
C#,./CosdocToNet/Komponenter/AcosCSFrms/Ho/PassordAdmin/PassordAdmin.cs,11,0,47
C#,./CosdocToNet/Exe/GlobalNav.cs,8,0,46
C#,./CosdocToNet/Komponenter/AcosCSCtrls/Ho/Tools/ZoomContent/ZoomContent.cs,8,0,45
C#,./CosdocToNet/Komponenter/AcosCSFrms/Ho/InfoScreen.Designer.cs,7,17,45
C#,./CosdocToNet/Komponenter/AcosCSLib/ho/Kodeverk/SkjemaParams.cs,16,0,45
C#,./CosdocToNet/Komponenter/AcosCSLib/ho/Session/Bruker.cs,8,0,45
C#,./CosdocToNet/Komponenter/AcosCSDynCtl/Ho/Controls/CtrlSimpleSkjemaParams.cs,16,0,44
C#,./CosdocToNet/Komponenter/AcosCSLib/ho/DigiHelse/JournalEmeldingKoblingClient.cs,8,0,44
C#,./CosdocToNet/Komponenter/AcosCSLib/ho/Kodeverk/GenValue.cs,15,2,43
C#,./CosDocOcxIntegrationTests/WhenTracingErrors/When_tracing_info.cs,12,0,43
C#,./CosdocToNet/Komponenter/AcosCSLib/ho/Div/KonstSisteSoek.cs,16,1,42
XSD,./CosDocAdresseRepository/Service References/CosDocAdressesServiceReference/AdressesService1.xsd,0,0,42
F# Script,./Deploy.fsx,11,2,42
C#,./CosdocToNet/Komponenter/AcosCSDynCtl/Ho/Controls/JourSchemaControl.Designer.cs,5,9,42
C#,./CosdocToNet/Komponenter/AcosCSLib/ho/Div/cMousePointer.cs,12,0,40
C#,./CosdocToNet/Komponenter/AcosCSDynCtl/Ho/Controls/ucJourSkjema.Designer.cs,4,10,40
C#,./CosdocToNet/Komponenter/AcosCSLib/ho/Kodeverk/Sst_SaksType.cs,7,0,40
C#,./CosdocToNet/CosDocOcx/felles/frmVente.Designer.cs,7,17,40
C#,./CosDocOcxIntegrationTests/WhenTracingErrors/When_tracing_exceptions.cs,7,2,40
C#,./CosdocToNet/Komponenter/AcosCSLib/ho/Kodeverk/Kfk_FilterKode.cs,8,0,40
C#,./CosdocToNet/CosDocOcx/Lister/JsonRequestHelper.cs,8,0,39
C#,./CosdocToNet/Komponenter/AcosCSLib/ho/Session/CSGlobal.cs,10,2,39
C#,./CosdocToNet/CosDocOcx/Kurver/JsonRequestHelper.cs,8,0,39
C#,./CosdocToNet/Komponenter/AcosCSLib/ho/Session/Buffer.cs,9,0,39
C#,./CosdocToNet/Felles/Lib/ho/current/Delt/ucTextFilter.Designer.cs,3,10,39
C#,./CosdocToNet/CosDocOcx/felles/delt/ucTextFilter.Designer.cs,3,10,39
C#,./CosdocToNet/Komponenter/AcosCSLib/ho/Kodeverk/Sbs_BehStatus.cs,7,0,38
C#,./CosdocToNet/Komponenter/AcosCSDynCtl/Ho/ControlExtender/EventTrapper.cs,7,2,38
C#,./CosdocToNet/Komponenter/AcosCSLib/ho/DigiHelse/Dialog/OverforeDialog.cs,7,0,38
C#,./CosdocToNet/Exe/Config/IoCConfig.cs,8,4,37
C#,./CosdocToNet/Komponenter/AcosCSLib/ho/Kodeverk/KodeGen.cs,14,1,37
C#,./CosdocToNet/CosDocOcx/Hovedskjermbilder/ucApp.Designer.cs,5,14,36
C#,./CosdocToNet/Komponenter/AcosCSLib/ho/Div/vsCoordinate.cs,9,0,35
C#,./CosdocToNet/Komponenter/AcosCSLib/ho/Kodeverk/Kla_KLinjeAvh.cs,7,1,35
C#,./Acos.Levekaar.CosDoc.Schema.Forms/FlexGrid/SchemaTest.cs,7,0,34
C#,./CosdocToNet/Komponenter/AcosCSLib/ho/Design/ColorProfileFetcher.cs,10,0,33
NAnt script,./Tools/ao.build,1,0,33
C#,./CosdocToNet/Komponenter/AcosCSLib/ho/Kodeverk/JournalStructuredValues.cs,7,0,33
C#,./CosdocToNet/CosDocOcx/omsorg_jour/ucDruid.cs,4,0,32
C#,./CosDocAdresseRepository/Properties/Resources.Designer.cs,8,23,32
C#,./CosdocToNet/Komponenter/AcosCSCtrls/Ho/ControlExtensions.cs,6,0,32
C#,./Acos.Levekaar.CosDoc.Schema.Forms/Properties/Resources.Designer.cs,8,23,32
C#,./CosDocOcxIntegrationTests/WhenTracingErrors/When_tracing_warnings.cs,8,0,30
C#,./CosdocToNet/Komponenter/AcosCSLib/ho/Design/frmPalette.cs,5,1,30
PowerShell,./deploy.ps1,7,0,29
C#,./CosdocToNet/Komponenter/AcosCSLib/ho/Kodeverk/Parameter.cs,9,0,29
C#,./CosDocOcxIntegrationTests/WhenTracingErrors/When_tracing_errors.cs,7,0,28
C#,./CosdocToNet/CosDocOcx/felles/Kodeverk/modKodeverk.cs,8,10,28
C#,./CosdocToNet/Komponenter/CosDocXml2/CosDocEndpointBehavior.cs,4,0,28
PowerShell,./Tools/SendEmail.ps1,10,1,27
C#,./CosdocToNet/Komponenter/AcosCSLib/ho/Div/vsCol.cs,8,0,27
C#,./CosdocToNet/CosDocOcx/felles/frmVente.cs,7,0,27
C#,./CosdocToNet/Komponenter/AcosCSLib/ho/Div/ApplicationSettings.cs,1,0,26
C#,./CosdocToNet/Komponenter/Servicekall2/Paalogging.cs,2,0,26
C#,./CosdocToNet/CosDocOcx/AppCloseHelper.cs,7,8,25
C#,./CosdocToNet/Komponenter/AcosCSCtrls/Ho/Textbox/TextExtended.cs,4,6,25
C#,./CosdocToNet/Komponenter/AcosCSLib/ho/Div/DateTimeExtensions.cs,2,0,24
C#,./CosdocToNet/Komponenter/AcosCSLib/ho/ArbPlan/Range.cs,4,0,24
C#,./CosdocToNet/Komponenter/Servicekall2/ParamObjekt.cs,6,1,24
DOS Batch,./Tools/WiX/create_msi.bat,8,0,23
C#,./CosdocToNet/Komponenter/AcosCSCtrls/Ho/ucInterface.cs,4,2,23
C#,./CosdocToNet/CosDocOcx/felles/SimpleMessageBoxStyles.cs,6,0,23
C#,./CosdocToNet/Komponenter/AcosCSLib/ho/Div/vsColKodeverk.cs,4,0,22
C#,./CosdocToNet/Komponenter/AcosCSLib/ho/Adresse/AdresseMenu.cs,4,0,22
C#,./CosdocToNet/CosDocOcx/Kurver/DataResponse.cs,7,4,22
C#,./CosdocToNet/CosDocOcx/Lister/DataResponse.cs,7,4,22
C#,./CosdocToNet/Komponenter/AcosCSLib/ho/Kodeverk/SpmSvarKlasse.cs,4,381,22
C#,./CosdocToNet/Exe/DataResponse.cs,7,4,22
C#,./CosdocToNet/Komponenter/AcosCSLib/ho/Kodeverk/SpmKlasse.cs,4,236,22
C#,./CosdocToNet/Komponenter/AcosCSLib/ho/CosDocExceptions/ServiceNotAvailableException.cs,4,0,21
C#,./CosdocToNet/Komponenter/AcosCSLib/ho/Kodeverk/PropertyValuesContainer.cs,5,1,21
C#,./CosdocToNet/CosDocOcx/Hovedskjermbilder/Sepcifications/ITjenestebrukerContent.cs,1,0,21
C#,./CosdocToNet/Komponenter/AcosCSCtrls/Ho/Menu/ucToolAdmin.cs,5,1,21
C#,./CosdocToNet/Komponenter/AcosCSLib/ho/Kodeverk/Ppk_ProeveKodeAlle.cs,5,0,21
C#,./CosdocToNet/Komponenter/AcosCSCtrls/Ho/FlexGrid/FlexDateEditor.cs,3,0,21
C#,./CosdocToNet/CosDocOcx/ICosDocTracer.cs,6,0,21
C#,./CosdocToNet/CosDocOcx/Domain/DataTypes/JourRegData.cs,1,0,21
C#,./CosdocToNet/Komponenter/AcosCSFrms/Ho/InfoScreen.cs,2,0,20
C#,./CosdocToNet/Komponenter/AcosCSLib/ho/Kodeverk/SchemaValidators.cs,4,0,20
C#,./CosdocToNet/Komponenter/AcosCSLib/ho/DigiHelse/IJournalEmeldingKoblingClient.cs,2,0,19
Ruby,./rakefile.rb,4,0,19
C#,./CosdocToNet/Felles/Lib/ho/current/frmPalette.cs,3,1,19
C#,./CosdocToNet/Komponenter/AcosCSLib/ho/Kodeverk/ISchema.cs,1,1,18
C#,./CosdocToNet/Komponenter/AcosCSCtrls/Ho/Kodeverk/comboKodeverk.cs,1,0,18
DOS Batch,./createbranch.cmd,5,0,18
C#,./CosdocToNet/Komponenter/AcosCSCtrls/Ho/FlexGrid/FlexTextEditor.cs,2,0,18
C#,./CosdocToNet/Komponenter/AcosCSCtrls/Ho/Menu/ToolStripExtensions.cs,1,0,18
C#,./CosdocToNet/Komponenter/AcosCSLib/ho/Session/BufferedElementsEnum.cs,0,0,18
C#,./CosdocToNet/Komponenter/AcosCSLib/ho/Div/KonstRapporter.cs,5,0,18
C#,./CosdocToNet/Komponenter/AcosCSLib/ho/Kodeverk/AvdFilterParam.cs,6,0,17
C#,./CosdocToNet/CosDocOcx/Lister/ListData.cs,3,0,17
C#,./CosdocToNet/Komponenter/AcosCSLib/ho/Kodeverk/SchemaSetup.cs,1,0,17
C#,./CosdocToNet/Komponenter/AcosCSLib/ho/Kodeverk/IKode.cs,1,0,17
C#,./CosdocToNet/Komponenter/AcosCSLib/ho/MirrorControls/IMirrControlInterface.cs,3,0,16
C#,./CosdocToNet/CosDocOcx/omsorg/GridOppsett.cs,0,0,16
C#,./CosdocToNet/CosDocOcx/felles/Spraak.cs,16,168,16
C#,./CosdocToNet/CosDocOcx/Kurver/ListData.cs,4,0,16
C#,./CosdocToNet/Komponenter/AcosCSCtrls/Ho/Kodeverk/KodeverkText.cs,3,0,15
PowerShell,./Tools/CopyFiles.ps1,2,2,14
C#,./CosdocToNet/Komponenter/AcosCSLib/ho/DigiHelse/IPasientTjenesteMedDialog.cs,2,0,14
C#,./CosdocToNet/Komponenter/AcosCSLib/ho/Div/LaasEventArgs.cs,0,0,14
C#,./CosdocToNet/Komponenter/AcosCSLib/ho/Session/IBufferElement.cs,3,0,13
C#,./CosdocToNet/Komponenter/AcosCSLib/ho/Kodeverk/IGenValue.cs,3,1,13
C#,./CosdocToNet/Komponenter/Datatyper/Datatyper.cs,1,0,13
C#,./CosdocToNet/Komponenter/AcosCSLib/ho/Kodeverk/ISchemaValue.cs,2,0,13
C#,./CosdocToNet/Komponenter/AcosCSLib/ho/DigiHelse/IPasientSamtykkeClient.cs,1,0,12
C#,./CosdocToNet/Komponenter/AcosCSLib/ho/Kodeverk/IPropertyValues.cs,1,0,12
C#,./Acos.Levekaar.CosDoc.Schema.Forms/Properties/Settings.Designer.cs,5,9,12
C#,./CosdocToNet/CosDocOcx/Hovedskjermbilder/Helpers/ValidertDosering.cs,1,0,12
C#,./CosdocToNet/Komponenter/AcosCSLib/ho/Kodeverk/Interface1.cs,1,0,12
C#,./CosdocToNet/CosDocOcx/Domain/DataTypes/KlientData.cs,1,0,12
C#,./CosdocToNet/Komponenter/AcosCSCtrls/Ho/Menu/MenuItemsEnum.cs,0,0,12
C#,./CosdocToNet/Komponenter/AcosCSLib/ho/DigiHelse/Dialog/IOverforeDialog.cs,1,0,12
C#,./CosdocToNet/Komponenter/AcosCSLib/ho/Kodeverk/SpmLinjeAvh.cs,5,0,12
C#,./CosdocToNet/CosDocOcx/omsorg/HovedkortHelpers/HovedkortSaveValues.cs,0,0,11
C#,./CosdocToNet/Komponenter/AcosCSCtrls/Ho/FlexGrid/IFlexExtendedEditor.cs,1,0,11
PowerShell,./Tools/CosDocDBVersion.ps1,3,0,11
C#,./CosdocToNet/CosDocOcx/omsorg_fakt/IDatoIntervall.cs,1,0,11
C#,./CosdocToNet/Komponenter/AcosCSLib/ho/Kodeverk/IPropertyValuesContainer.cs,1,0,11
PowerShell,./pack.ps1,5,0,10
C#,./CosdocToNet/CosDocOcx/Hovedskjermbilder/Helpers/NullSafeStringHelper.cs,0,0,10
C#,./CosdocToNet/Komponenter/AcosCSLib/ho/Registries/CosDocSettings.cs,1,0,9
C#,./CosdocToNet/Komponenter/Servicekall2/IXmlTilFra.cs,1,0,9
C#,./CosdocToNet/Komponenter/Servicekall2/CosDoc.cs,2,0,9
C#,./CosdocToNet/Komponenter/AcosCSLib/ho/Kodeverk/ISchemaSetup.cs,0,0,8
C#,./CosdocToNet/CosDocOcx/Kurver/JsonListHolder.cs,1,0,8
C#,./CosdocToNet/CosDocOcx/Lister/JsonListHolder.cs,1,0,8
C#,./GlobalAssemblyInfo.cs,1,0,8
C#,./CosdocToNet/Komponenter/AcosCSLib/ho/IUcSession.cs,1,0,7
DOS Batch,./Tools/WiX/cleanup.bat,0,0,7
C#,./CosdocToNet/Komponenter/AcosCSLib/ho/IUcControl.cs,0,0,7
C#,./CosdocToNet/Komponenter/Servicekall2/Integrasjon.cs,7,40,7
DOS Batch,./prebuild.bat,0,0,6
C#,./CosdocToNet/CosDocOcx/Domain/DataTypes/TjenesteData.cs,1,0,6
C#,./CosdocToNet/Komponenter/AcosCSLib/ho/Kodeverk/ISchemaValidators.cs,0,0,6
C#,./CosdocToNet/CosDocOcx/Hovedskjermbilder/Helpers/ArbedsplanFixedActivitiesHelper.cs,1,0,6
DOS Batch,./build.bat,0,0,6
PowerShell,./Tools/RemoveLines.ps1,1,0,5
PowerShell,./Tools/MapDrive.ps1,0,0,5
PowerShell,./Tools/killprocess.ps1,1,0,4
DOS Batch,./Deploy.bat,1,0,4
DOS Batch,./Tools/copylicence.bat,0,0,3
DOS Batch,./konceptbuild.cmd,0,0,2
DOS Batch,./Tools/killprocess.cmd,0,0,1
C#,./CosdocToNet/Komponenter/AcosCSLib/ho/Session/BufferElements.cs,35,230,0
